日時,"内部CO2[ppm]","内部日射[kW m-2]","内部気温[C]","内部相対湿度[%]"
"2026/02/02 00:00:00",726,0,10.5,81
"2026/02/02 00:05:00",718,0,10.4,81
"2026/02/02 00:10:00",717,0,10.5,81
"2026/02/02 00:15:00",730,0,10.5,81
"2026/02/02 00:20:00",716,0,10.4,81
"2026/02/02 00:25:00",715,0,10.3,81
"2026/02/02 00:30:00",732,0,10.3,81
"2026/02/02 00:35:00",714,0,10.3,81
"2026/02/02 00:40:00",720,0,10.3,81
"2026/02/02 00:45:00",731,0,10.3,81
"2026/02/02 00:50:00",732,0,10.3,81
"2026/02/02 00:55:00",735,0,10.3,81
"2026/02/02 01:00:00",732,0,10.1,81
"2026/02/02 01:05:00",729,0,10.2,81
"2026/02/02 01:10:00",742,0,10.1,81
"2026/02/02 01:15:00",745,0,10.1,81
"2026/02/02 01:20:00",741,0,10.1,81
"2026/02/02 01:25:00",745,0,10,81
"2026/02/02 01:30:00",740,0,10,81
"2026/02/02 01:35:00",751,0,10.1,81
"2026/02/02 01:40:00",744,0,10,81
"2026/02/02 01:45:00",744,0,10.1,81
"2026/02/02 01:50:00",730,0,10,81
"2026/02/02 01:55:00",741,0,9.9,81
"2026/02/02 02:00:00",744,0,9.9,81
"2026/02/02 02:05:00",732,0,9.9,81
"2026/02/02 02:10:00",745,0,9.9,81
"2026/02/02 02:15:00",734,0,9.8,81
"2026/02/02 02:20:00",730,0,9.8,81
"2026/02/02 02:25:00",738,0,9.9,82
"2026/02/02 02:30:00",726,0,9.9,81
"2026/02/02 02:35:00",725,0,9.8,82
"2026/02/02 02:40:00",719,0,9.7,81
"2026/02/02 02:45:00",722,0,9.7,81
"2026/02/02 02:50:00",716,0,9.7,81
"2026/02/02 02:55:00",706,0,9.8,81
"2026/02/02 03:00:00",714,0,9.6,81
"2026/02/02 03:05:00",711,0,9.7,81
"2026/02/02 03:10:00",721,0,9.6,81
"2026/02/02 03:15:00",714,0,9.6,81
"2026/02/02 03:20:00",710,0,9.4,81
"2026/02/02 03:25:00",697,0,9.5,81
"2026/02/02 03:30:00",773,0,9.6,81
"2026/02/02 03:35:00",709,0,9.5,81
"2026/02/02 03:40:00",726,0,9.6,81
"2026/02/02 03:45:00",720,0,9.6,81
"2026/02/02 03:50:00",709,0,9.5,81
"2026/02/02 03:55:00",712,0,9.5,81
"2026/02/02 04:00:00",710,0,9.5,82
"2026/02/02 04:05:00",695,0,9.6,82
"2026/02/02 04:10:00",709,0,9.6,81
"2026/02/02 04:15:00",698,0,9.6,81
"2026/02/02 04:20:00",699,0,9.6,81
"2026/02/02 04:25:00",704,0,9.6,81
"2026/02/02 04:30:00",693,0,9.7,81
"2026/02/02 04:35:00",701,0,9.6,81
"2026/02/02 04:40:00",695,0,9.6,81
"2026/02/02 04:45:00",697,0,9.6,81
"2026/02/02 04:50:00",703,0,9.6,81
"2026/02/02 04:55:00",695,0,9.6,81
"2026/02/02 05:00:00",692,0,9.6,81
"2026/02/02 05:05:00",707,0,9.6,81
"2026/02/02 05:10:00",701,0,9.8,81
"2026/02/02 05:15:00",705,0,9.8,82
"2026/02/02 05:20:00",721,0,9.9,82
"2026/02/02 05:25:00",731,0,10,82
"2026/02/02 05:30:00",751,0,10.1,83
"2026/02/02 05:35:00",779,0,10.2,83
"2026/02/02 05:40:00",798,0,10.2,83
"2026/02/02 05:45:00",843,0,10.2,83
"2026/02/02 05:50:00",853,0,10.3,84
"2026/02/02 05:55:00",866,0,10.4,84
"2026/02/02 06:00:00",891,0,10.6,84
"2026/02/02 06:05:00",913,0,10.5,84
"2026/02/02 06:10:00",957,0,11.4,87
"2026/02/02 06:15:00",993,0,13.1,85
"2026/02/02 06:20:00",978,0,14.8,79
"2026/02/02 06:25:00",980,0,16.3,74
"2026/02/02 06:30:00",956,0,17.6,71
"2026/02/02 06:35:00",982,0,18.4,69
"2026/02/02 06:40:00",975,0,17.7,69
"2026/02/02 06:45:00",976,0,17.5,71
"2026/02/02 06:50:00",975,0.001,17.8,69
"2026/02/02 06:55:00",1007,0.003,18.2,67
"2026/02/02 07:00:00",1011,0.003,18.5,66
"2026/02/02 07:05:00",1013,0.004,17.5,68
"2026/02/02 07:10:00",1049,0.006,17.5,69
"2026/02/02 07:15:00",1088,0.007,17.9,68
"2026/02/02 07:20:00",1112,0.008,18.6,66
"2026/02/02 07:25:00",1118,0.008,17.9,66
"2026/02/02 07:30:00",1123,0.009,17.2,67
"2026/02/02 07:35:00",1152,0.01,17.6,67
"2026/02/02 07:40:00",1181,0.01,18.2,65
"2026/02/02 07:45:00",1182,0.011,18.4,64
"2026/02/02 07:50:00",1185,0.014,17.5,66
"2026/02/02 07:55:00",1195,0.016,17.8,67
"2026/02/02 08:00:00",1207,0.016,18.7,65
"2026/02/02 08:05:00",1215,0.024,18.5,66
"2026/02/02 08:10:00",1195,0.026,17.9,67
"2026/02/02 08:15:00",1202,0.025,18.7,68
"2026/02/02 08:20:00",1216,0.025,19.5,66
"2026/02/02 08:25:00",1237,0.026,20,64
"2026/02/02 08:30:00",1235,0.027,20.3,64
"2026/02/02 08:35:00",1314,0.029,20.3,65
"2026/02/02 08:40:00",1235,0.033,21.1,64
"2026/02/02 08:45:00",1233,0.033,22,63
"2026/02/02 08:50:00",1232,0.03,22.4,62
"2026/02/02 08:55:00",1249,0.027,22.6,63
"2026/02/02 09:00:00",1227,0.027,22.5,64
"2026/02/02 09:05:00",1224,0.028,22.6,65
"2026/02/02 09:10:00",1216,0.029,22.9,66
"2026/02/02 09:15:00",1214,0.03,23.3,66
"2026/02/02 09:20:00",1213,0.03,23.8,67
"2026/02/02 09:25:00",1222,0.03,24.4,68
"2026/02/02 09:30:00",1213,0.03,25.1,68
"2026/02/02 09:35:00",1180,0.03,25.7,66
"2026/02/02 09:40:00",1095,0.03,25.8,60
"2026/02/02 09:45:00",950,0.031,25.8,56
"2026/02/02 09:50:00",818,0.03,25.8,54
"2026/02/02 09:55:00",667,0.031,25.2,46
"2026/02/02 10:00:00",600,0.032,25.4,49
"2026/02/02 10:05:00",575,0.034,25.8,51
"2026/02/02 10:10:00",563,0.036,26.1,50
"2026/02/02 10:15:00",526,0.037,25.4,38
"2026/02/02 10:20:00",506,0.041,25.3,44
"2026/02/02 10:25:00",511,0.043,26.2,48
"2026/02/02 10:30:00",505,0.045,26.6,50
"2026/02/02 10:35:00",504,0.047,26.8,49
"2026/02/02 10:40:00",498,0.05,27,50
"2026/02/02 10:45:00",501,0.064,27.2,51
"2026/02/02 10:50:00",496,0.076,27.2,49
"2026/02/02 10:55:00",499,0.062,27.4,49
"2026/02/02 11:00:00",500,0.059,27.2,40
"2026/02/02 11:05:00",482,0.053,27.1,48
"2026/02/02 11:10:00",486,0.051,27.4,47
"2026/02/02 11:15:00",478,0.053,27,44
"2026/02/02 11:20:00",481,0.057,27.4,47
"2026/02/02 11:25:00",490,0.057,27.4,40
"2026/02/02 11:30:00",484,0.057,27.3,43
"2026/02/02 11:35:00",473,0.059,27.7,46
"2026/02/02 11:40:00",472,0.06,27.3,41
"2026/02/02 11:45:00",479,0.06,27.8,45
"2026/02/02 11:50:00",470,0.078,27.6,41
"2026/02/02 11:55:00",479,0.062,27.7,44
"2026/02/02 12:00:00",484,0.063,27.8,40
"2026/02/02 12:05:00",476,0.077,27.4,39
"2026/02/02 12:10:00",464,0.052,27.7,43
"2026/02/02 12:15:00",473,0.05,27.9,39
"2026/02/02 12:20:00",464,0.049,27.6,36
"2026/02/02 12:25:00",468,0.048,26.9,35
"2026/02/02 12:30:00",462,0.046,26,34
"2026/02/02 12:35:00",466,0.046,25.5,35
"2026/02/02 12:40:00",466,0.041,25.6,35
"2026/02/02 12:45:00",466,0.049,25.6,37
"2026/02/02 12:50:00",471,0.042,26,40
"2026/02/02 12:55:00",477,0.048,26.6,44
"2026/02/02 13:00:00",483,0.048,25.7,34
"2026/02/02 13:05:00",466,0.047,26.1,37
"2026/02/02 13:10:00",468,0.043,26,34
"2026/02/02 13:15:00",462,0.028,25.6,35
"2026/02/02 13:20:00",473,0.047,25.1,40
"2026/02/02 13:25:00",479,0.044,25.9,47
"2026/02/02 13:30:00",482,0.048,26.7,48
"2026/02/02 13:35:00",481,0.047,27.1,40
"2026/02/02 13:40:00",473,0.035,26,36
"2026/02/02 13:45:00",471,0.055,26,41
"2026/02/02 13:50:00",483,0.032,25.5,37
"2026/02/02 13:55:00",475,0.04,24.7,42
"2026/02/02 14:00:00",488,0.035,24.9,47
"2026/02/02 14:05:00",492,0.033,25,52
"2026/02/02 14:10:00",512,0.036,24.5,54
"2026/02/02 14:15:00",522,0.054,25,57
"2026/02/02 14:20:00",537,0.056,26,61
"2026/02/02 14:25:00",526,0.061,26.2,46
"2026/02/02 14:30:00",503,0.061,26,41
"2026/02/02 14:35:00",495,0.056,26.1,38
"2026/02/02 14:40:00",493,0.06,26.2,36
"2026/02/02 14:45:00",490,0.111,26.2,37
"2026/02/02 14:50:00",487,0.079,26.6,41
"2026/02/02 14:55:00",507,0.086,26.8,44
"2026/02/02 15:00:00",468,0.029,26.5,45
"2026/02/02 15:05:00",515,0.025,25.4,47
"2026/02/02 15:10:00",531,0.023,24.1,52
"2026/02/02 15:15:00",547,0.062,23.8,55
"2026/02/02 15:20:00",572,0.057,24.2,57
"2026/02/02 15:25:00",585,0.047,24.8,58
"2026/02/02 15:30:00",599,0.036,25.1,58
"2026/02/02 15:35:00",592,0.037,25,53
"2026/02/02 15:40:00",585,0.036,24.8,52
"2026/02/02 15:45:00",585,0.03,24.6,54
"2026/02/02 15:50:00",597,0.018,24.3,57
"2026/02/02 15:55:00",618,0.013,23.6,59
"2026/02/02 16:00:00",639,0.011,22.6,62
"2026/02/02 16:05:00",671,0.009,21.8,65
"2026/02/02 16:10:00",689,0.008,21.1,67
"2026/02/02 16:15:00",705,0.006,20.5,68
"2026/02/02 16:20:00",734,0.005,19.9,70
"2026/02/02 16:25:00",765,0.004,19.4,72
"2026/02/02 16:30:00",790,0.003,18.8,73
"2026/02/02 16:35:00",814,0.003,18.4,74
"2026/02/02 16:40:00",849,0.002,18.1,75
"2026/02/02 16:45:00",865,0.002,17.7,75
"2026/02/02 16:50:00",893,0.001,17.5,76
"2026/02/02 16:55:00",912,0.001,17.1,77
"2026/02/02 17:00:00",913,0.001,16.7,77
"2026/02/02 17:05:00",924,0.001,16.4,77
"2026/02/02 17:10:00",931,0,16.1,78
"2026/02/02 17:15:00",927,0,15.9,78
"2026/02/02 17:20:00",920,0,15.6,79
"2026/02/02 17:25:00",898,0,15.3,79
"2026/02/02 17:30:00",899,0,15.2,79
"2026/02/02 17:35:00",891,0,14.9,79
"2026/02/02 17:40:00",889,0,14.8,80
"2026/02/02 17:45:00",880,0,14.5,80
"2026/02/02 17:50:00",879,0,14.3,80
"2026/02/02 17:55:00",863,0,14.3,81
"2026/02/02 18:00:00",872,0,14.2,81
"2026/02/02 18:05:00",856,0,14.1,81
"2026/02/02 18:10:00",760,0,13.4,79
"2026/02/02 18:15:00",701,0,13.6,77
"2026/02/02 18:20:00",642,0,13.5,76
"2026/02/02 18:25:00",644,0,13.7,76
"2026/02/02 18:30:00",616,0,13.7,77
"2026/02/02 18:35:00",616,0,13.8,77
"2026/02/02 18:40:00",601,0,13.9,77
"2026/02/02 18:45:00",594,0,13.9,78
"2026/02/02 18:50:00",595,0,13.9,78
"2026/02/02 18:55:00",592,0,13.9,78
"2026/02/02 19:00:00",586,0,13.8,78
"2026/02/02 19:05:00",595,0,13.7,78
"2026/02/02 19:10:00",573,0,13.6,78
"2026/02/02 19:15:00",573,0,13.6,78
"2026/02/02 19:20:00",582,0,13.5,78
"2026/02/02 19:25:00",594,0,13.4,79
"2026/02/02 19:30:00",588,0,13.4,79
"2026/02/02 19:35:00",589,0,13.3,79
"2026/02/02 19:40:00",583,0,13.4,79
"2026/02/02 19:45:00",589,0,13.3,79
"2026/02/02 19:50:00",583,0,13.2,79
"2026/02/02 19:55:00",581,0,13.1,79
"2026/02/02 20:00:00",587,0,13,79
"2026/02/02 20:05:00",588,0,12.9,79
"2026/02/02 20:10:00",582,0,12.9,79
"2026/02/02 20:15:00",574,0,12.8,79
"2026/02/02 20:20:00",585,0,12.9,79
"2026/02/02 20:25:00",586,0,12.7,79
"2026/02/02 20:30:00",583,0,12.7,79
"2026/02/02 20:35:00",584,0,12.7,80
"2026/02/02 20:40:00",588,0,12.5,80
"2026/02/02 20:45:00",595,0,12.6,80
"2026/02/02 20:50:00",611,0,12.5,81
"2026/02/02 20:55:00",607,0,12.4,81
"2026/02/02 21:00:00",606,0,12.3,81
"2026/02/02 21:05:00",616,0,12.3,81
"2026/02/02 21:10:00",607,0,12.3,81
"2026/02/02 21:15:00",602,0,12.2,81
"2026/02/02 21:20:00",614,0,12.2,80
"2026/02/02 21:25:00",622,0,12.1,80
"2026/02/02 21:30:00",628,0,11.9,80
"2026/02/02 21:35:00",633,0,12,80
"2026/02/02 21:40:00",638,0,12,80
"2026/02/02 21:45:00",630,0,11.8,80
"2026/02/02 21:50:00",627,0,11.8,80
"2026/02/02 21:55:00",642,0,11.7,79
"2026/02/02 22:00:00",636,0,11.8,79
"2026/02/02 22:05:00",634,0,11.7,79
"2026/02/02 22:10:00",629,0,11.6,79
"2026/02/02 22:15:00",625,0,11.6,79
"2026/02/02 22:20:00",625,0,11.6,79
"2026/02/02 22:25:00",617,0,11.5,78
"2026/02/02 22:30:00",607,0,11.5,78
"2026/02/02 22:35:00",614,0,11.5,78
"2026/02/02 22:40:00",611,0,11.5,78
"2026/02/02 22:45:00",611,0,11.5,78
"2026/02/02 22:50:00",581,0,11.4,78
"2026/02/02 22:55:00",610,0,11.4,78
"2026/02/02 23:00:00",595,0,11.5,78
"2026/02/02 23:05:00",608,0,11.4,78
"2026/02/02 23:10:00",614,0,11.3,78
"2026/02/02 23:15:00",605,0,11.4,78
"2026/02/02 23:20:00",604,0,11.2,78
"2026/02/02 23:25:00",608,0,11.3,78
"2026/02/02 23:30:00",504,0,11.3,78
"2026/02/02 23:35:00",622,0,11.2,78
"2026/02/02 23:40:00",621,0,11.1,78
"2026/02/02 23:45:00",619,0,11.2,78
"2026/02/02 23:50:00",630,0,11.2,78
"2026/02/02 23:55:00",625,0,11.1,78
"2026/02/03 00:00:00",631,0,11.1,78
"2026/02/03 00:05:00",637,0,11,78
"2026/02/03 00:10:00",641,0,11.1,79
"2026/02/03 00:15:00",643,0,11,79
"2026/02/03 00:20:00",642,0,11.1,79
"2026/02/03 00:25:00",650,0,11,79
"2026/02/03 00:30:00",650,0,11.1,79
"2026/02/03 00:35:00",656,0,11,79
"2026/02/03 00:40:00",663,0,10.9,79
"2026/02/03 00:45:00",667,0,10.9,79
"2026/02/03 00:50:00",660,0,10.9,79
"2026/02/03 00:55:00",648,0,10.9,79
"2026/02/03 01:00:00",667,0,10.8,79
"2026/02/03 01:05:00",660,0,10.9,79
"2026/02/03 01:10:00",664,0,10.9,79
"2026/02/03 01:15:00",666,0,10.8,79
"2026/02/03 01:20:00",664,0,10.7,79
"2026/02/03 01:25:00",670,0,10.7,79
"2026/02/03 01:30:00",682,0,10.6,79
"2026/02/03 01:35:00",680,0,10.7,79
"2026/02/03 01:40:00",684,0,10.6,80
"2026/02/03 01:45:00",687,0,10.6,80
"2026/02/03 01:50:00",689,0,10.6,80
"2026/02/03 01:55:00",703,0,10.6,80
"2026/02/03 02:00:00",696,0,10.5,80
"2026/02/03 02:05:00",702,0,10.4,80
"2026/02/03 02:10:00",694,0,10.4,80
"2026/02/03 02:15:00",706,0,10.4,80
"2026/02/03 02:20:00",708,0,10.3,80
"2026/02/03 02:25:00",706,0,10.3,80
"2026/02/03 02:30:00",707,0,10.2,80
"2026/02/03 02:35:00",715,0,10.4,81
"2026/02/03 02:40:00",704,0,10.3,80
"2026/02/03 02:45:00",715,0,10.2,81
"2026/02/03 02:50:00",699,0,10.2,80
"2026/02/03 02:55:00",687,0,10.1,80
"2026/02/03 03:00:00",687,0,10.2,80
"2026/02/03 03:05:00",679,0,10.1,80
"2026/02/03 03:10:00",683,0,10.1,80
"2026/02/03 03:15:00",681,0,10,80
"2026/02/03 03:20:00",673,0,10.2,80
"2026/02/03 03:25:00",678,0,10,80
"2026/02/03 03:30:00",670,0,10,80
"2026/02/03 03:35:00",669,0,10,80
"2026/02/03 03:40:00",673,0,10,80
"2026/02/03 03:45:00",673,0,10,80
"2026/02/03 03:50:00",681,0,9.9,80
"2026/02/03 03:55:00",679,0,9.9,80
"2026/02/03 04:00:00",683,0,9.9,80
"2026/02/03 04:05:00",677,0,9.8,80
"2026/02/03 04:10:00",684,0,9.7,80
"2026/02/03 04:15:00",677,0,9.7,80
"2026/02/03 04:20:00",692,0,9.7,81
"2026/02/03 04:25:00",685,0,9.5,81
"2026/02/03 04:30:00",682,0,9.6,81
"2026/02/03 04:35:00",683,0,9.5,81
"2026/02/03 04:40:00",678,0,9.5,81
"2026/02/03 04:45:00",684,0,9.5,81
"2026/02/03 04:50:00",689,0,9.4,81
"2026/02/03 04:55:00",701,0,9.5,81
"2026/02/03 05:00:00",689,0,9.4,81
"2026/02/03 05:05:00",683,0,9.4,81
"2026/02/03 05:10:00",676,0,9.4,81
"2026/02/03 05:15:00",690,0,9.5,81
"2026/02/03 05:20:00",694,0,9.4,81
"2026/02/03 05:25:00",713,0,9.6,82
"2026/02/03 05:30:00",750,0,9.5,82
"2026/02/03 05:35:00",756,0,9.7,82
"2026/02/03 05:40:00",777,0,9.7,82
"2026/02/03 05:45:00",804,0,9.7,82
"2026/02/03 05:50:00",822,0,9.8,83
"2026/02/03 05:55:00",832,0,9.9,83
"2026/02/03 06:00:00",861,0,9.9,83
"2026/02/03 06:05:00",876,0,9.9,83
"2026/02/03 06:10:00",892,0,10.6,85
"2026/02/03 06:15:00",932,0,12,84
"2026/02/03 06:20:00",933,0,13.4,78
"2026/02/03 06:25:00",935,0,14.8,73
"2026/02/03 06:30:00",945,0,15.9,70
"2026/02/03 06:35:00",950,0,16.8,68
"2026/02/03 06:40:00",957,0,17.5,66
"2026/02/03 06:45:00",965,0.001,18.1,64
"2026/02/03 06:50:00",967,0.001,18.1,64
"2026/02/03 06:55:00",966,0.003,17.8,62
"2026/02/03 07:00:00",1001,0.004,17.8,62
"2026/02/03 07:05:00",992,0.005,17.9,62
"2026/02/03 07:10:00",1024,0.006,18.2,62
"2026/02/03 07:15:00",1059,0.006,18.4,61
"2026/02/03 07:20:00",1067,0.007,18.4,61
"2026/02/03 07:25:00",1063,0.008,17.5,62
"2026/02/03 07:30:00",1075,0.008,17,64
"2026/02/03 07:35:00",1095,0.009,17.7,63
"2026/02/03 07:40:00",1104,0.01,18.3,62
"2026/02/03 07:45:00",1114,0.011,17.6,63
"2026/02/03 07:50:00",1131,0.011,17,66
"2026/02/03 07:55:00",1136,0.013,17.7,66
"2026/02/03 08:00:00",1148,0.013,18.3,64
"2026/02/03 08:05:00",1150,0.021,17.8,65
"2026/02/03 08:10:00",1154,0.025,17.6,67
"2026/02/03 08:15:00",1161,0.023,18.6,67
"2026/02/03 08:20:00",1173,0.022,19.9,63
"2026/02/03 08:25:00",1179,0.023,20.5,62
"2026/02/03 08:30:00",1176,0.025,20.7,61
"2026/02/03 08:35:00",1193,0.026,20.6,63
"2026/02/03 08:40:00",1175,0.03,21.5,62
"2026/02/03 08:45:00",1169,0.03,22.4,61
"2026/02/03 08:50:00",1169,0.027,23,60
"2026/02/03 08:55:00",1170,0.024,23,61
"2026/02/03 09:00:00",1167,0.025,22.9,62
"2026/02/03 09:05:00",1164,0.026,22.9,63
"2026/02/03 09:10:00",1156,0.028,23.1,64
"2026/02/03 09:15:00",1137,0.029,23.4,65
"2026/02/03 09:20:00",1152,0.028,23.9,65
"2026/02/03 09:25:00",1147,0.027,24.4,66
"2026/02/03 09:30:00",1097,0.027,25.1,65
"2026/02/03 09:35:00",1109,0.027,25.5,64
"2026/02/03 09:40:00",1007,0.027,25.6,58
"2026/02/03 09:45:00",923,0.028,26,56
"2026/02/03 09:50:00",748,0.03,25.3,45
"2026/02/03 09:55:00",636,0.03,24.7,44
"2026/02/03 10:00:00",558,0.03,24.9,42
"2026/02/03 10:05:00",509,0.031,25.2,44
"2026/02/03 10:10:00",501,0.033,26.1,50
"2026/02/03 10:15:00",497,0.036,25.7,35
"2026/02/03 10:20:00",462,0.039,25.1,41
"2026/02/03 10:25:00",469,0.041,26,47
"2026/02/03 10:30:00",483,0.044,26.9,52
"2026/02/03 10:35:00",491,0.046,27,51
"2026/02/03 10:40:00",488,0.047,26.7,45
"2026/02/03 10:45:00",479,0.048,26.8,47
"2026/02/03 10:50:00",486,0.067,27,48
"2026/02/03 10:55:00",490,0.062,26.7,46
"2026/02/03 11:00:00",468,0.067,26.5,45
"2026/02/03 11:05:00",472,0.073,26.4,44
"2026/02/03 11:10:00",472,0.08,26.4,45
"2026/02/03 11:15:00",462,0.071,26.5,45
"2026/02/03 11:20:00",470,0.087,26.6,46
"2026/02/03 11:25:00",455,0.175,26.6,44
"2026/02/03 11:30:00",475,0.124,26.7,44
"2026/02/03 11:35:00",467,0.143,26.7,44
"2026/02/03 11:40:00",458,0.13,26.9,44
"2026/02/03 11:45:00",434,0.127,27,45
"2026/02/03 11:50:00",437,0.131,27,43
"2026/02/03 11:55:00",444,0.062,27.1,44
"2026/02/03 12:00:00",431,0.081,27.2,42
"2026/02/03 12:05:00",425,0.061,27.3,42
"2026/02/03 12:10:00",426,0.049,27.4,42
"2026/02/03 12:15:00",441,0.045,27.6,42
"2026/02/03 12:20:00",432,0.043,27.7,42
"2026/02/03 12:25:00",438,0.041,26.9,35
"2026/02/03 12:30:00",430,0.04,26.2,32
"2026/02/03 12:35:00",439,0.04,25.1,34
"2026/02/03 12:40:00",436,0.04,25,36
"2026/02/03 12:45:00",438,0.043,24.9,36
"2026/02/03 12:50:00",438,0.042,25.7,41
"2026/02/03 12:55:00",435,0.042,25.5,32
"2026/02/03 13:00:00",442,0.039,25.4,35
"2026/02/03 13:05:00",418,0.041,24.9,32
"2026/02/03 13:10:00",438,0.039,24.9,32
"2026/02/03 13:15:00",439,0.034,25.1,35
"2026/02/03 13:20:00",433,0.036,25,31
"2026/02/03 13:25:00",442,0.039,25.7,37
"2026/02/03 13:30:00",416,0.041,26.6,41
"2026/02/03 13:35:00",439,0.039,26.7,32
"2026/02/03 13:40:00",450,0.041,26.1,32
"2026/02/03 13:45:00",444,0.045,25.8,35
"2026/02/03 13:50:00",452,0.046,25.8,35
"2026/02/03 13:55:00",451,0.068,26,37
"2026/02/03 14:00:00",439,0.058,26.5,37
"2026/02/03 14:05:00",451,0.045,26.3,34
"2026/02/03 14:10:00",449,0.125,26.2,38
"2026/02/03 14:15:00",442,0.057,26.7,44
"2026/02/03 14:20:00",440,0.049,27,46
"2026/02/03 14:25:00",431,0.046,27.1,47
"2026/02/03 14:30:00",447,0.044,26.4,33
"2026/02/03 14:35:00",448,0.041,26.1,36
"2026/02/03 14:40:00",436,0.036,26.6,40
"2026/02/03 14:45:00",435,0.036,26.6,35
"2026/02/03 14:50:00",450,0.038,26.7,37
"2026/02/03 14:55:00",431,0.038,27,42
"2026/02/03 15:00:00",444,0.039,27,46
"2026/02/03 15:05:00",436,0.036,27.1,48
"2026/02/03 15:10:00",449,0.053,26.9,37
"2026/02/03 15:15:00",450,0.063,26.1,34
"2026/02/03 15:20:00",450,0.041,25.2,35
"2026/02/03 15:25:00",436,0.033,25,39
"2026/02/03 15:30:00",452,0.029,24.9,38
"2026/02/03 15:35:00",452,0.03,24.3,36
"2026/02/03 15:40:00",453,0.029,24.1,39
"2026/02/03 15:45:00",446,0.027,24.6,43
"2026/02/03 15:50:00",444,0.024,24.5,48
"2026/02/03 15:55:00",453,0.022,24.6,52
"2026/02/03 16:00:00",443,0.02,24.3,55
"2026/02/03 16:05:00",432,0.018,24.2,57
"2026/02/03 16:10:00",436,0.016,24.1,58
"2026/02/03 16:15:00",435,0.014,23.8,59
"2026/02/03 16:20:00",430,0.013,23.4,60
"2026/02/03 16:25:00",439,0.011,22.8,60
"2026/02/03 16:30:00",436,0.009,22.3,62
"2026/02/03 16:35:00",439,0.007,21.2,63
"2026/02/03 16:40:00",442,0.006,20.3,65
"2026/02/03 16:45:00",443,0.005,19.3,66
"2026/02/03 16:50:00",446,0.004,18.5,67
"2026/02/03 16:55:00",448,0.003,17.7,68
"2026/02/03 17:00:00",458,0.002,16.9,70
"2026/02/03 17:05:00",461,0.001,16.2,71
"2026/02/03 17:10:00",461,0.001,15.7,72
"2026/02/03 17:15:00",468,0,15.2,73
"2026/02/03 17:20:00",479,0,14.6,73
"2026/02/03 17:25:00",484,0,14.2,74
"2026/02/03 17:30:00",491,0,13.8,75
"2026/02/03 17:35:00",494,0,13.4,76
"2026/02/03 17:40:00",488,0,13,76
"2026/02/03 17:45:00",505,0,12.7,77
"2026/02/03 17:50:00",503,0,12.5,77
"2026/02/03 17:55:00",510,0,12.2,78
"2026/02/03 18:00:00",517,0,12,78
"2026/02/03 18:05:00",528,0,11.8,79
"2026/02/03 18:10:00",511,0,11.8,78
"2026/02/03 18:15:00",515,0,11.8,78
"2026/02/03 18:20:00",520,0,12,78
"2026/02/03 18:25:00",520,0,12,79
"2026/02/03 18:30:00",521,0,12.1,79
"2026/02/03 18:35:00",523,0,12.3,80
"2026/02/03 18:40:00",537,0,12.2,80
"2026/02/03 18:45:00",526,0,12.3,80
"2026/02/03 18:50:00",538,0,12.2,80
"2026/02/03 18:55:00",530,0,12.3,81
"2026/02/03 19:00:00",533,0,12.3,81
"2026/02/03 19:05:00",535,0,12.3,82
"2026/02/03 19:10:00",535,0,12.2,82
"2026/02/03 19:15:00",540,0,12.1,82
"2026/02/03 19:20:00",531,0,12.1,82
"2026/02/03 19:25:00",533,0,12.1,82
"2026/02/03 19:30:00",530,0,12,82
"2026/02/03 19:35:00",521,0,11.9,82
"2026/02/03 19:40:00",517,0,11.8,81
"2026/02/03 19:45:00",527,0,11.8,81
"2026/02/03 19:50:00",523,0,11.7,81
"2026/02/03 19:55:00",514,0,11.7,81
"2026/02/03 20:00:00",528,0,11.6,82
"2026/02/03 20:05:00",522,0,11.5,82
"2026/02/03 20:10:00",521,0,11.5,82
"2026/02/03 20:15:00",529,0,11.4,82
"2026/02/03 20:20:00",527,0,11.3,82
"2026/02/03 20:25:00",517,0,11.3,82
"2026/02/03 20:30:00",524,0,11.3,82
"2026/02/03 20:35:00",529,0,11.2,82
"2026/02/03 20:40:00",533,0,11.1,82
"2026/02/03 20:45:00",532,0,11.1,82
"2026/02/03 20:50:00",522,0,11.1,82
"2026/02/03 20:55:00",536,0,11,82
"2026/02/03 21:00:00",532,0,11,83
"2026/02/03 21:05:00",525,0,11,83
"2026/02/03 21:10:00",532,0,11.1,83
"2026/02/03 21:15:00",539,0,11,83
"2026/02/03 21:20:00",529,0,10.9,83
"2026/02/03 21:25:00",535,0,10.9,83
"2026/02/03 21:30:00",527,0,10.9,83
"2026/02/03 21:35:00",530,0,10.7,83
"2026/02/03 21:40:00",535,0,10.7,83
"2026/02/03 21:45:00",528,0,10.7,83
"2026/02/03 21:50:00",530,0,10.7,83
"2026/02/03 21:55:00",529,0,10.7,83
"2026/02/03 22:00:00",528,0,10.7,83
"2026/02/03 22:05:00",535,0,10.6,83
"2026/02/03 22:10:00",531,0,10.6,83
"2026/02/03 22:15:00",527,0,10.6,83
"2026/02/03 22:20:00",532,0,10.7,84
"2026/02/03 22:25:00",537,0,10.9,84
"2026/02/03 22:30:00",531,0,11,84
"2026/02/03 22:35:00",534,0,10.9,84
"2026/02/03 22:40:00",538,0,11.1,84
"2026/02/03 22:45:00",530,0,11,84
"2026/02/03 22:50:00",567,0,11.2,84
"2026/02/03 22:55:00",532,0,11.2,84
"2026/02/03 23:00:00",538,0,11.2,83
"2026/02/03 23:05:00",542,0,11.3,83
"2026/02/03 23:10:00",532,0,11.3,83
"2026/02/03 23:15:00",552,0,11.2,83
"2026/02/03 23:20:00",552,0,11.2,82
"2026/02/03 23:25:00",556,0,11,82
"2026/02/03 23:30:00",546,0,10.9,82
"2026/02/03 23:35:00",561,0,10.8,82
"2026/02/03 23:40:00",558,0,10.8,82
"2026/02/03 23:45:00",564,0,10.7,82
"2026/02/03 23:50:00",564,0,10.6,82
"2026/02/03 23:55:00",562,0,10.7,82
"2026/02/04 00:00:00",566,0,10.7,82
"2026/02/04 00:05:00",567,0,10.5,82
"2026/02/04 00:10:00",567,0,10.4,82
"2026/02/04 00:15:00",558,0,10.4,82
"2026/02/04 00:20:00",567,0,10.4,82
"2026/02/04 00:25:00",561,0,10.3,82
"2026/02/04 00:30:00",521,0,10.2,83
"2026/02/04 00:35:00",572,0,10,83
"2026/02/04 00:40:00",567,0,10.1,83
"2026/02/04 00:45:00",571,0,10,82
"2026/02/04 00:50:00",569,0,9.9,83
"2026/02/04 00:55:00",575,0,10,83
"2026/02/04 01:00:00",574,0,9.9,83
"2026/02/04 01:05:00",571,0,9.8,83
"2026/02/04 01:10:00",584,0,9.8,83
"2026/02/04 01:15:00",563,0,9.8,83
"2026/02/04 01:20:00",565,0,9.7,83
"2026/02/04 01:25:00",576,0,9.6,83
"2026/02/04 01:30:00",566,0,9.7,83
"2026/02/04 01:35:00",568,0,9.5,83
"2026/02/04 01:40:00",579,0,9.5,83
"2026/02/04 01:45:00",562,0,9.5,83
"2026/02/04 01:50:00",569,0,9.5,84
"2026/02/04 01:55:00",577,0,9.4,84
"2026/02/04 02:00:00",566,0,9.4,84
"2026/02/04 02:05:00",573,0,9.4,84
"2026/02/04 02:10:00",563,0,9.4,84
"2026/02/04 02:15:00",564,0,9.4,84
"2026/02/04 02:20:00",560,0,9.4,84
"2026/02/04 02:25:00",552,0,9.4,84
"2026/02/04 02:30:00",557,0,9.4,84
"2026/02/04 02:35:00",552,0,9.5,84
"2026/02/04 02:40:00",547,0,9.5,84
"2026/02/04 02:45:00",545,0,9.6,84
"2026/02/04 02:50:00",544,0,9.5,84
"2026/02/04 02:55:00",541,0,9.6,84
"2026/02/04 03:00:00",535,0,9.6,84
"2026/02/04 03:05:00",528,0,9.5,84
"2026/02/04 03:10:00",534,0,9.5,84
"2026/02/04 03:15:00",542,0,9.5,83
"2026/02/04 03:20:00",515,0,9.3,83
"2026/02/04 03:25:00",516,0,9.4,83
"2026/02/04 03:30:00",519,0,9.3,83
"2026/02/04 03:35:00",510,0,9.3,83
"2026/02/04 03:40:00",510,0,9.2,83
"2026/02/04 03:45:00",506,0,9.1,83
"2026/02/04 03:50:00",515,0,9,83
"2026/02/04 03:55:00",503,0,9,83
"2026/02/04 04:00:00",499,0,8.9,83
"2026/02/04 04:05:00",499,0,9,83
"2026/02/04 04:10:00",508,0,8.8,83
"2026/02/04 04:15:00",504,0,8.9,83
"2026/02/04 04:20:00",502,0,8.8,83
"2026/02/04 04:25:00",505,0,8.8,84
"2026/02/04 04:30:00",504,0,8.8,83
"2026/02/04 04:35:00",502,0,8.8,84
"2026/02/04 04:40:00",512,0,8.8,84
"2026/02/04 04:45:00",514,0,8.9,84
"2026/02/04 04:50:00",507,0,8.8,84
"2026/02/04 04:55:00",511,0,8.7,84
"2026/02/04 05:00:00",507,0,8.8,84
"2026/02/04 05:05:00",518,0,8.8,84
"2026/02/04 05:10:00",516,0,8.7,84
"2026/02/04 05:15:00",517,0,8.8,84
"2026/02/04 05:20:00",502,0,8.8,84
"2026/02/04 05:25:00",511,0,8.9,84
"2026/02/04 05:30:00",524,0,8.9,85
"2026/02/04 05:35:00",530,0,8.9,85
"2026/02/04 05:40:00",529,0,9,85
"2026/02/04 05:45:00",533,0,9.1,86
"2026/02/04 05:50:00",532,0,9.1,86
"2026/02/04 05:55:00",545,0,9.3,86
"2026/02/04 06:00:00",553,0,9.3,86
"2026/02/04 06:05:00",577,0,9.2,86
"2026/02/04 06:10:00",611,0,10,88
"2026/02/04 06:15:00",672,0,11.4,88
"2026/02/04 06:20:00",684,0,13,82
"2026/02/04 06:25:00",703,0,14.4,76
"2026/02/04 06:30:00",720,0,15.5,72
"2026/02/04 06:35:00",700,0,16.3,70
"2026/02/04 06:40:00",744,0,17,68
"2026/02/04 06:45:00",744,0.001,17.6,66
"2026/02/04 06:50:00",776,0.001,17.7,66
"2026/02/04 06:55:00",790,0.004,17.6,64
"2026/02/04 07:00:00",807,0.004,17.7,63
"2026/02/04 07:05:00",850,0.005,17.9,63
"2026/02/04 07:10:00",869,0.006,18.3,63
"2026/02/04 07:15:00",901,0.007,18.4,62
"2026/02/04 07:20:00",914,0.008,18.3,62
"2026/02/04 07:25:00",918,0.009,17.2,65
"2026/02/04 07:30:00",952,0.009,17.3,65
"2026/02/04 07:35:00",964,0.01,16.6,65
"2026/02/04 07:40:00",981,0.011,15.8,68
"2026/02/04 07:45:00",985,0.012,15.3,70
"2026/02/04 07:50:00",1025,0.013,16.2,69
"2026/02/04 07:55:00",1027,0.014,16.4,68
"2026/02/04 08:00:00",1026,0.014,15.9,69
"2026/02/04 08:05:00",1042,0.019,15.7,70
"2026/02/04 08:10:00",1054,0.024,15.8,71
"2026/02/04 08:15:00",1097,0.023,16.8,71
"2026/02/04 08:20:00",1065,0.022,17.8,69
"2026/02/04 08:25:00",1088,0.024,18.5,67
"2026/02/04 08:30:00",1082,0.025,18.8,66
"2026/02/04 08:35:00",1084,0.027,19.3,66
"2026/02/04 08:40:00",1098,0.03,20.2,65
"2026/02/04 08:45:00",1097,0.03,21.1,64
"2026/02/04 08:50:00",1099,0.026,21.6,63
"2026/02/04 08:55:00",1094,0.025,22,63
"2026/02/04 09:00:00",1102,0.026,21.9,64
"2026/02/04 09:05:00",1096,0.029,22,65
"2026/02/04 09:10:00",1097,0.03,22.4,66
"2026/02/04 09:15:00",1085,0.029,23,67
"2026/02/04 09:20:00",1091,0.028,23.4,67
"2026/02/04 09:25:00",1098,0.028,24.1,67
"2026/02/04 09:30:00",1082,0.027,24.6,68
"2026/02/04 09:35:00",1068,0.027,24.8,70
"2026/02/04 09:40:00",998,0.027,25.4,72
"2026/02/04 09:45:00",1009,0.027,25.3,68
"2026/02/04 09:50:00",764,0.029,24.5,53
"2026/02/04 09:55:00",667,0.029,24.7,54
"2026/02/04 10:00:00",599,0.03,25.1,52
"2026/02/04 10:05:00",557,0.031,25.7,53
"2026/02/04 10:10:00",535,0.033,25.9,52
"2026/02/04 10:15:00",508,0.036,26,44
"2026/02/04 10:20:00",496,0.039,25.4,39
"2026/02/04 10:25:00",473,0.042,25.6,45
"2026/02/04 10:30:00",473,0.043,26.6,50
"2026/02/04 10:35:00",481,0.044,27.1,53
"2026/02/04 10:40:00",489,0.045,26.9,57
"2026/02/04 10:45:00",491,0.046,26.6,59
"2026/02/04 10:50:00",500,0.051,27,60
"2026/02/04 10:55:00",491,0.081,26.8,48
"2026/02/04 11:00:00",503,0.067,26.3,47
"2026/02/04 11:05:00",485,0.081,27,53
"2026/02/04 11:10:00",486,0.059,26.9,47
"2026/02/04 11:15:00",478,0.063,26.2,54
"2026/02/04 11:20:00",496,0.062,27.1,57
"2026/02/04 11:25:00",510,0.072,26.9,49
"2026/02/04 11:30:00",500,0.123,26.7,55
"2026/02/04 11:35:00",531,0.141,27.3,52
"2026/02/04 11:40:00",503,0.127,26.7,52
"2026/02/04 11:45:00",497,0.117,27.3,57
"2026/02/04 11:50:00",499,0.123,27.3,38
"2026/02/04 11:55:00",475,0.109,27.1,43
"2026/02/04 12:00:00",477,0.166,27.3,45
"2026/02/04 12:05:00",468,0.073,27.2,41
"2026/02/04 12:10:00",477,0.054,27.4,46
"2026/02/04 12:15:00",475,0.046,27.3,39
"2026/02/04 12:20:00",477,0.041,27.1,50
"2026/02/04 12:25:00",471,0.041,26.8,37
"2026/02/04 12:30:00",475,0.039,26.6,37
"2026/02/04 12:35:00",481,0.038,26,34
"2026/02/04 12:40:00",463,0.038,26,34
"2026/02/04 12:45:00",459,0.041,25.7,35
"2026/02/04 12:50:00",476,0.041,26.6,41
"2026/02/04 12:55:00",477,0.042,26.7,33
"2026/02/04 13:00:00",473,0.04,26.2,31
"2026/02/04 13:05:00",465,0.038,25.7,34
"2026/02/04 13:10:00",453,0.04,25.6,33
"2026/02/04 13:15:00",475,0.036,25.7,33
"2026/02/04 13:20:00",475,0.036,26.3,35
"2026/02/04 13:25:00",468,0.04,26.4,36
"2026/02/04 13:30:00",476,0.042,26.9,39
"2026/02/04 13:35:00",477,0.04,27,32
"2026/02/04 13:40:00",482,0.04,26.4,33
"2026/02/04 13:45:00",490,0.043,26.2,30
"2026/02/04 13:50:00",484,0.046,25.9,32
"2026/02/04 13:55:00",467,0.05,26.3,38
"2026/02/04 14:00:00",485,0.045,27,39
"2026/02/04 14:05:00",489,0.043,26.5,35
"2026/02/04 14:10:00",498,0.092,26.5,40
"2026/02/04 14:15:00",491,0.072,27,44
"2026/02/04 14:20:00",491,0.078,27.4,43
"2026/02/04 14:25:00",499,0.059,26.6,44
"2026/02/04 14:30:00",492,0.052,26.5,46
"2026/02/04 14:35:00",476,0.043,26.2,38
"2026/02/04 14:40:00",493,0.038,26.7,37
"2026/02/04 14:45:00",495,0.037,26.5,34
"2026/02/04 14:50:00",480,0.04,26.3,34
"2026/02/04 14:55:00",471,0.04,26.4,38
"2026/02/04 15:00:00",416,0.04,26.6,42
"2026/02/04 15:05:00",487,0.036,27,47
"2026/02/04 15:10:00",506,0.044,27.4,38
"2026/02/04 15:15:00",491,0.05,26.8,34
"2026/02/04 15:20:00",482,0.038,25.7,35
"2026/02/04 15:25:00",484,0.03,25.4,39
"2026/02/04 15:30:00",491,0.027,25.2,39
"2026/02/04 15:35:00",483,0.028,24.6,38
"2026/02/04 15:40:00",498,0.027,24.9,41
"2026/02/04 15:45:00",517,0.025,25.2,46
"2026/02/04 15:50:00",540,0.022,25.1,50
"2026/02/04 15:55:00",551,0.021,24.7,47
"2026/02/04 16:00:00",543,0.02,24.3,49
"2026/02/04 16:05:00",556,0.017,24.2,52
"2026/02/04 16:10:00",575,0.015,24.2,54
"2026/02/04 16:15:00",589,0.014,24.1,56
"2026/02/04 16:20:00",617,0.012,23.7,58
"2026/02/04 16:25:00",635,0.01,23.3,60
"2026/02/04 16:30:00",658,0.008,22.5,61
"2026/02/04 16:35:00",681,0.007,21.6,63
"2026/02/04 16:40:00",722,0.007,20.9,65
"2026/02/04 16:45:00",730,0.005,20.1,66
"2026/02/04 16:50:00",749,0.004,19.4,68
"2026/02/04 16:55:00",770,0.003,18.8,69
"2026/02/04 17:00:00",801,0.002,18,70
"2026/02/04 17:05:00",833,0.001,17.4,71
"2026/02/04 17:10:00",844,0.001,16.9,72
"2026/02/04 17:15:00",871,0,16.3,73
"2026/02/04 17:20:00",885,0,15.7,74
"2026/02/04 17:25:00",901,0,15.3,74
"2026/02/04 17:30:00",896,0,14.9,75
"2026/02/04 17:35:00",894,0,14.5,76
"2026/02/04 17:40:00",890,0,14.1,77
"2026/02/04 17:45:00",893,0,13.7,77
"2026/02/04 17:50:00",889,0,13.4,78
"2026/02/04 17:55:00",901,0,13.1,78
"2026/02/04 18:00:00",921,0,12.9,79
"2026/02/04 18:05:00",930,0,12.6,79
"2026/02/04 18:10:00",885,0,12.4,79
"2026/02/04 18:15:00",844,0,12.6,79
"2026/02/04 18:20:00",807,0,12.7,79
"2026/02/04 18:25:00",795,0,12.8,80
"2026/02/04 18:30:00",778,0,13,80
"2026/02/04 18:35:00",754,0,13,81
"2026/02/04 18:40:00",767,0,13.1,81
"2026/02/04 18:45:00",756,0,13.1,82
"2026/02/04 18:50:00",754,0,13.1,82
"2026/02/04 18:55:00",743,0,13.2,82
"2026/02/04 19:00:00",741,0,13.3,82
"2026/02/04 19:05:00",746,0,13.2,82
"2026/02/04 19:10:00",739,0,13.3,82
"2026/02/04 19:15:00",739,0,13.3,83
"2026/02/04 19:20:00",744,0,13.2,83
"2026/02/04 19:25:00",733,0,13.3,83
"2026/02/04 19:30:00",725,0,13.2,83
"2026/02/04 19:35:00",731,0,13.2,83
"2026/02/04 19:40:00",712,0,13.2,83
"2026/02/04 19:45:00",723,0,13.2,82
"2026/02/04 19:50:00",720,0,13.1,82
"2026/02/04 19:55:00",716,0,13.1,82
"2026/02/04 20:00:00",698,0,13.2,82
"2026/02/04 20:05:00",697,0,13.1,82
"2026/02/04 20:10:00",698,0,13.2,82
"2026/02/04 20:15:00",703,0,13.1,82
"2026/02/04 20:20:00",703,0,13.1,82
"2026/02/04 20:25:00",701,0,13.2,82
"2026/02/04 20:30:00",707,0,13.1,82
"2026/02/04 20:35:00",698,0,13.1,82
"2026/02/04 20:40:00",698,0,13.1,82
"2026/02/04 20:45:00",690,0,13.1,82
"2026/02/04 20:50:00",693,0,13,82
"2026/02/04 20:55:00",689,0,13.1,82
"2026/02/04 21:00:00",672,0,13,81
"2026/02/04 21:05:00",674,0,13,81
"2026/02/04 21:10:00",672,0,13,81
"2026/02/04 21:15:00",665,0,13,81
"2026/02/04 21:20:00",664,0,13,81
"2026/02/04 21:25:00",661,0,13,80
"2026/02/04 21:30:00",646,0,12.9,80
"2026/02/04 21:35:00",642,0,12.9,80
"2026/02/04 21:40:00",649,0,12.9,80
"2026/02/04 21:45:00",634,0,12.8,80
"2026/02/04 21:50:00",636,0,12.7,80
"2026/02/04 21:55:00",638,0,12.7,80
"2026/02/04 22:00:00",625,0,12.7,80
"2026/02/04 22:05:00",632,0,12.6,80
"2026/02/04 22:10:00",638,0,12.7,81
"2026/02/04 22:15:00",640,0,12.6,81
"2026/02/04 22:20:00",650,0,12.5,81
"2026/02/04 22:25:00",637,0,12.4,81
"2026/02/04 22:30:00",646,0,12.5,81
"2026/02/04 22:35:00",645,0,12.4,81
"2026/02/04 22:40:00",642,0,12.5,81
"2026/02/04 22:45:00",647,0,12.5,81
"2026/02/04 22:50:00",642,0,12.4,81
"2026/02/04 22:55:00",650,0,12.4,81
"2026/02/04 23:00:00",656,0,12.4,80
"2026/02/04 23:05:00",646,0,12.4,80
"2026/02/04 23:10:00",644,0,12.4,80
"2026/02/04 23:15:00",646,0,12.3,80
"2026/02/04 23:20:00",641,0,12.4,80
"2026/02/04 23:25:00",649,0,12.4,80
"2026/02/04 23:30:00",641,0,12.3,80
"2026/02/04 23:35:00",642,0,12.3,80
"2026/02/04 23:40:00",644,0,12.3,80
"2026/02/04 23:45:00",640,0,12.3,80
"2026/02/04 23:50:00",639,0,12.2,80
"2026/02/04 23:55:00",653,0,12.3,80
"2026/02/05 00:00:00",647,0,12.3,80
"2026/02/05 00:05:00",648,0,12.2,80
"2026/02/05 00:10:00",650,0,12.2,80
"2026/02/05 00:15:00",645,0,12.1,80
"2026/02/05 00:20:00",646,0,12.1,80
"2026/02/05 00:25:00",653,0,12.1,80
"2026/02/05 00:30:00",637,0,12,80
"2026/02/05 00:35:00",644,0,11.9,80
"2026/02/05 00:40:00",654,0,11.9,80
"2026/02/05 00:45:00",650,0,11.8,80
"2026/02/05 00:50:00",654,0,11.8,81
"2026/02/05 00:55:00",659,0,11.8,81
"2026/02/05 01:00:00",656,0,11.7,81
"2026/02/05 01:05:00",651,0,11.8,81
"2026/02/05 01:10:00",647,0,11.6,81
"2026/02/05 01:15:00",661,0,11.7,81
"2026/02/05 01:20:00",653,0,11.6,81
"2026/02/05 01:25:00",654,0,11.5,81
"2026/02/05 01:30:00",659,0,11.4,81
"2026/02/05 01:35:00",667,0,11.4,81
"2026/02/05 01:40:00",670,0,11.3,82
"2026/02/05 01:45:00",678,0,11.3,82
"2026/02/05 01:50:00",679,0,11.2,82
"2026/02/05 01:55:00",687,0,11.2,82
"2026/02/05 02:00:00",690,0,11.2,82
"2026/02/05 02:05:00",690,0,11.1,82
"2026/02/05 02:10:00",694,0,11.1,82
"2026/02/05 02:15:00",699,0,11.1,83
"2026/02/05 02:20:00",697,0,11.1,83
"2026/02/05 02:25:00",700,0,11.1,83
"2026/02/05 02:30:00",690,0,11,83
"2026/02/05 02:35:00",695,0,11.1,83
"2026/02/05 02:40:00",709,0,11,83
"2026/02/05 02:45:00",698,0,10.9,83
"2026/02/05 02:50:00",695,0,10.9,83
"2026/02/05 02:55:00",695,0,10.9,83
"2026/02/05 03:00:00",676,0,10.7,83
"2026/02/05 03:05:00",676,0,10.7,83
"2026/02/05 03:10:00",652,0,10.8,83
"2026/02/05 03:15:00",666,0,10.7,82
"2026/02/05 03:20:00",666,0,10.8,82
"2026/02/05 03:25:00",664,0,10.6,82
"2026/02/05 03:30:00",660,0,10.7,82
"2026/02/05 03:35:00",655,0,10.6,82
"2026/02/05 03:40:00",648,0,10.6,82
"2026/02/05 03:45:00",649,0,10.6,82
"2026/02/05 03:50:00",661,0,10.5,82
"2026/02/05 03:55:00",655,0,10.4,82
"2026/02/05 04:00:00",652,0,10.5,82
"2026/02/05 04:05:00",652,0,10.4,82
"2026/02/05 04:10:00",651,0,10.5,82
"2026/02/05 04:15:00",658,0,10.4,82
"2026/02/05 04:20:00",659,0,10.4,82
"2026/02/05 04:25:00",668,0,10.4,82
"2026/02/05 04:30:00",668,0,10.4,82
"2026/02/05 04:35:00",671,0,10.3,82
"2026/02/05 04:40:00",675,0,10.2,82
"2026/02/05 04:45:00",664,0,10.2,82
"2026/02/05 04:50:00",667,0,10.2,82
"2026/02/05 04:55:00",677,0,10.2,82
"2026/02/05 05:00:00",671,0,10.2,82
"2026/02/05 05:05:00",668,0,10.2,82
"2026/02/05 05:10:00",665,0,10.1,82
"2026/02/05 05:15:00",676,0,10.2,82
"2026/02/05 05:20:00",683,0,10.2,82
"2026/02/05 05:25:00",704,0,10.1,83
"2026/02/05 05:30:00",709,0,10.2,83
"2026/02/05 05:35:00",728,0,10.3,84
"2026/02/05 05:40:00",743,0,10.2,84
"2026/02/05 05:45:00",755,0,10.3,84
"2026/02/05 05:50:00",776,0,10.3,84
"2026/02/05 05:55:00",796,0,10.3,84
"2026/02/05 06:00:00",814,0,10.2,84
"2026/02/05 06:05:00",836,0,10.2,84
"2026/02/05 06:10:00",870,0,10.9,86
"2026/02/05 06:15:00",893,0,12.4,86
"2026/02/05 06:20:00",892,0,13.9,80
"2026/02/05 06:25:00",899,0,15.3,74
"2026/02/05 06:30:00",906,0,15.6,72
"2026/02/05 06:35:00",917,0,15,73
"2026/02/05 06:40:00",921,0,15.4,74
"2026/02/05 06:45:00",928,0.001,16.1,70
"2026/02/05 06:50:00",934,0.001,15.5,70
"2026/02/05 06:55:00",926,0.003,14.8,70
"2026/02/05 07:00:00",946,0.004,15.1,69
"2026/02/05 07:05:00",969,0.005,15.9,68
"2026/02/05 07:10:00",991,0.006,16.5,66
"2026/02/05 07:15:00",1000,0.006,16.1,66
"2026/02/05 07:20:00",1003,0.007,15.4,68
"2026/02/05 07:25:00",1027,0.008,16,68
"2026/02/05 07:30:00",1034,0.009,16.6,67
"2026/02/05 07:35:00",1090,0.009,16,67
"2026/02/05 07:40:00",1039,0.01,15.2,69
"2026/02/05 07:45:00",1062,0.011,14.9,71
"2026/02/05 07:50:00",1081,0.012,15,72
"2026/02/05 07:55:00",1087,0.012,15.5,72
"2026/02/05 08:00:00",1090,0.013,15.5,72
"2026/02/05 08:05:00",1072,0.015,15.5,73
"2026/02/05 08:10:00",1094,0.021,15.7,73
"2026/02/05 08:15:00",1102,0.021,16.7,73
"2026/02/05 08:20:00",1112,0.02,17.8,72
"2026/02/05 08:25:00",1119,0.021,18.6,70
"2026/02/05 08:30:00",1128,0.022,19.1,69
"2026/02/05 08:35:00",1123,0.024,19.6,69
"2026/02/05 08:40:00",1125,0.028,20.7,68
"2026/02/05 08:45:00",1130,0.027,21.5,67
"2026/02/05 08:50:00",1115,0.025,22.2,66
"2026/02/05 08:55:00",1122,0.024,22.7,66
"2026/02/05 09:00:00",1107,0.025,22.5,68
"2026/02/05 09:05:00",1095,0.027,22.7,72
"2026/02/05 09:10:00",1103,0.028,23,74
"2026/02/05 09:15:00",1093,0.023,23.5,75
"2026/02/05 09:20:00",1087,0.032,24.2,74
"2026/02/05 09:25:00",1085,0.026,24.9,73
"2026/02/05 09:30:00",1083,0.033,25.2,74
"2026/02/05 09:35:00",1050,0.031,25.6,75
"2026/02/05 09:40:00",1053,0.026,26.2,76
"2026/02/05 09:45:00",950,0.027,25.8,70
"2026/02/05 09:50:00",826,0.028,25.9,64
"2026/02/05 09:55:00",687,0.03,25.4,49
"2026/02/05 10:00:00",684,0.031,25.4,51
"2026/02/05 10:05:00",549,0.034,26,53
"2026/02/05 10:10:00",533,0.032,26.4,53
"2026/02/05 10:15:00",503,0.036,25.8,43
"2026/02/05 10:20:00",501,0.038,25.5,48
"2026/02/05 10:25:00",493,0.031,25.5,51
"2026/02/05 10:30:00",461,0.032,26,54
"2026/02/05 10:35:00",496,0.04,26.7,58
"2026/02/05 10:40:00",515,0.043,26.6,58
"2026/02/05 10:45:00",509,0.04,26.3,61
"2026/02/05 10:50:00",513,0.057,26.6,63
"2026/02/05 10:55:00",532,0.062,26.9,57
"2026/02/05 11:00:00",513,0.075,26.2,55
"2026/02/05 11:05:00",516,0.111,26.7,59
"2026/02/05 11:10:00",521,0.108,26.7,47
"2026/02/05 11:15:00",492,0.089,26.4,58
"2026/02/05 11:20:00",501,0.097,27.1,55
"2026/02/05 11:25:00",480,0.095,26.5,56
"2026/02/05 11:30:00",476,0.095,27.2,61
"2026/02/05 11:35:00",472,0.108,27.1,49
"2026/02/05 11:40:00",472,0.114,26.6,56
"2026/02/05 11:45:00",477,0.095,27.4,58
"2026/02/05 11:50:00",470,0.102,26.9,54
"2026/02/05 11:55:00",469,0.108,27.2,60
"2026/02/05 12:00:00",472,0.124,27.2,47
"2026/02/05 12:05:00",471,0.075,27.2,57
"2026/02/05 12:10:00",466,0.067,27.7,43
"2026/02/05 12:15:00",464,0.063,26.9,52
"2026/02/05 12:20:00",458,0.058,27.4,50
"2026/02/05 12:25:00",454,0.068,26.7,41
"2026/02/05 12:30:00",459,0.061,27,41
"2026/02/05 12:35:00",454,0.055,26.4,39
"2026/02/05 12:40:00",447,0.073,26.4,44
"2026/02/05 12:45:00",449,0.056,26.6,39
"2026/02/05 12:50:00",454,0.06,26.1,43
"2026/02/05 12:55:00",450,0.069,26.5,47
"2026/02/05 13:00:00",453,0.059,26.6,39
"2026/02/05 13:05:00",451,0.06,26,39
"2026/02/05 13:10:00",450,0.055,26.4,45
"2026/02/05 13:15:00",456,0.05,26.5,36
"2026/02/05 13:20:00",445,0.047,26.6,38
"2026/02/05 13:25:00",446,0.047,26.3,41
"2026/02/05 13:30:00",456,0.06,26.3,44
"2026/02/05 13:35:00",492,0.051,27.2,47
"2026/02/05 13:40:00",458,0.048,26.7,42
"2026/02/05 13:45:00",462,0.048,26.6,48
"2026/02/05 13:50:00",472,0.055,26.8,39
"2026/02/05 13:55:00",467,0.054,26.4,40
"2026/02/05 14:00:00",468,0.055,26.8,43
"2026/02/05 14:05:00",461,0.048,26.8,40
"2026/02/05 14:10:00",468,0.056,26.6,38
"2026/02/05 14:15:00",478,0.162,26.6,42
"2026/02/05 14:20:00",472,0.13,26.8,46
"2026/02/05 14:25:00",471,0.059,27,47
"2026/02/05 14:30:00",521,0.043,26.8,43
"2026/02/05 14:35:00",483,0.048,26,43
"2026/02/05 14:40:00",488,0.04,26.3,46
"2026/02/05 14:45:00",490,0.031,25.9,40
"2026/02/05 14:50:00",487,0.032,25.2,45
"2026/02/05 14:55:00",505,0.033,25,49
"2026/02/05 15:00:00",509,0.036,25,54
"2026/02/05 15:05:00",534,0.034,24.9,57
"2026/02/05 15:10:00",549,0.03,25.3,60
"2026/02/05 15:15:00",567,0.032,25.4,61
"2026/02/05 15:20:00",583,0.031,25.6,62
"2026/02/05 15:25:00",596,0.036,26,63
"2026/02/05 15:30:00",611,0.036,26.2,61
"2026/02/05 15:35:00",602,0.032,26,56
"2026/02/05 15:40:00",593,0.028,25.9,54
"2026/02/05 15:45:00",586,0.021,25.1,54
"2026/02/05 15:50:00",588,0.02,24.6,57
"2026/02/05 15:55:00",606,0.019,23.9,59
"2026/02/05 16:00:00",643,0.017,23.4,62
"2026/02/05 16:05:00",649,0.014,22.9,64
"2026/02/05 16:10:00",670,0.013,22.3,66
"2026/02/05 16:15:00",693,0.011,21.7,68
"2026/02/05 16:20:00",714,0.01,21.2,69
"2026/02/05 16:25:00",733,0.009,20.7,70
"2026/02/05 16:30:00",755,0.008,20.2,71
"2026/02/05 16:35:00",769,0.007,19.8,72
"2026/02/05 16:40:00",810,0.005,19.3,73
"2026/02/05 16:45:00",825,0.004,18.9,74
"2026/02/05 16:50:00",855,0.004,18.5,74
"2026/02/05 16:55:00",871,0.003,18.1,75
"2026/02/05 17:00:00",891,0.002,17.7,75
"2026/02/05 17:05:00",912,0.001,17.3,76
"2026/02/05 17:10:00",942,0.001,17,76
"2026/02/05 17:15:00",955,0,16.4,77
"2026/02/05 17:20:00",967,0,16.2,77
"2026/02/05 17:25:00",972,0,15.7,78
"2026/02/05 17:30:00",971,0,15.4,78
"2026/02/05 17:35:00",979,0,15.1,78
"2026/02/05 17:40:00",973,0,14.9,79
"2026/02/05 17:45:00",980,0,14.5,79
"2026/02/05 17:50:00",982,0,14.4,80
"2026/02/05 17:55:00",977,0,14.3,80
"2026/02/05 18:00:00",974,0,13.9,80
"2026/02/05 18:05:00",992,0,13.9,81
"2026/02/05 18:10:00",943,0,13.7,81
"2026/02/05 18:15:00",898,0,13.8,80
"2026/02/05 18:20:00",861,0,13.8,80
"2026/02/05 18:25:00",823,0,14,81
"2026/02/05 18:30:00",813,0,14.2,81
"2026/02/05 18:35:00",797,0,14.1,81
"2026/02/05 18:40:00",788,0,14,81
"2026/02/05 18:45:00",784,0,14,82
"2026/02/05 18:50:00",767,0,14.1,82
"2026/02/05 18:55:00",760,0,14.1,82
"2026/02/05 19:00:00",748,0,14,82
"2026/02/05 19:05:00",753,0,13.9,82
"2026/02/05 19:10:00",735,0,13.8,82
"2026/02/05 19:15:00",731,0,13.9,82
"2026/02/05 19:20:00",742,0,13.8,82
"2026/02/05 19:25:00",730,0,13.8,82
"2026/02/05 19:30:00",729,0,13.8,82
"2026/02/05 19:35:00",718,0,13.8,82
"2026/02/05 19:40:00",703,0,14,82
"2026/02/05 19:45:00",696,0,13.9,82
"2026/02/05 19:50:00",678,0,14,82
"2026/02/05 19:55:00",675,0,13.9,81
"2026/02/05 20:00:00",666,0,13.8,81
"2026/02/05 20:05:00",645,0,13.8,81
"2026/02/05 20:10:00",658,0,13.8,81
"2026/02/05 20:15:00",640,0,13.8,81
"2026/02/05 20:20:00",646,0,13.7,81
"2026/02/05 20:25:00",640,0,13.7,81
"2026/02/05 20:30:00",647,0,13.6,81
"2026/02/05 20:35:00",629,0,13.4,81
"2026/02/05 20:40:00",635,0,13.4,81
"2026/02/05 20:45:00",637,0,13.3,81
"2026/02/05 20:50:00",643,0,13.4,81
"2026/02/05 20:55:00",657,0,13.3,81
"2026/02/05 21:00:00",647,0,13.3,81
"2026/02/05 21:05:00",657,0,13.2,81
"2026/02/05 21:10:00",654,0,13.1,82
"2026/02/05 21:15:00",673,0,13.1,81
"2026/02/05 21:20:00",663,0,13.1,82
"2026/02/05 21:25:00",685,0,12.9,82
"2026/02/05 21:30:00",681,0,12.9,82
"2026/02/05 21:35:00",686,0,12.7,82
"2026/02/05 21:40:00",692,0,12.8,82
"2026/02/05 21:45:00",704,0,12.8,82
"2026/02/05 21:50:00",705,0,12.7,82
"2026/02/05 21:55:00",713,0,12.7,82
"2026/02/05 22:00:00",711,0,12.6,82
"2026/02/05 22:05:00",716,0,12.6,82
"2026/02/05 22:10:00",710,0,12.6,82
"2026/02/05 22:15:00",713,0,12.5,82
"2026/02/05 22:20:00",709,0,12.5,82
"2026/02/05 22:25:00",705,0,12.4,82
"2026/02/05 22:30:00",701,0,12.4,82
"2026/02/05 22:35:00",712,0,12.4,83
"2026/02/05 22:40:00",710,0,12.3,82
"2026/02/05 22:45:00",701,0,12.4,82
"2026/02/05 22:50:00",714,0,12.3,82
"2026/02/05 22:55:00",701,0,12.2,82
"2026/02/05 23:00:00",696,0,12.2,82
"2026/02/05 23:05:00",688,0,12.2,82
"2026/02/05 23:10:00",699,0,12.1,82
"2026/02/05 23:15:00",691,0,12.1,82
"2026/02/05 23:20:00",681,0,12,82
"2026/02/05 23:25:00",669,0,12,83
"2026/02/05 23:30:00",681,0,11.9,82
"2026/02/05 23:35:00",665,0,11.9,82
"2026/02/05 23:40:00",658,0,11.9,82
"2026/02/05 23:45:00",664,0,11.8,82
"2026/02/05 23:50:00",662,0,11.7,82
"2026/02/05 23:55:00",661,0,11.7,82
"2026/02/06 00:00:00",649,0,11.7,82
"2026/02/06 00:05:00",645,0,11.6,82
"2026/02/06 00:10:00",650,0,11.6,82
"2026/02/06 00:15:00",653,0,11.7,82
"2026/02/06 00:20:00",655,0,11.6,82
"2026/02/06 00:25:00",656,0,11.4,82
"2026/02/06 00:30:00",658,0,11.6,82
"2026/02/06 00:35:00",656,0,11.5,82
"2026/02/06 00:40:00",658,0,11.5,82
"2026/02/06 00:45:00",663,0,11.4,82
"2026/02/06 00:50:00",673,0,11.4,83
"2026/02/06 00:55:00",656,0,11.5,83
"2026/02/06 01:00:00",664,0,11.4,83
"2026/02/06 01:05:00",664,0,11.4,83
"2026/02/06 01:10:00",653,0,11.4,83
"2026/02/06 01:15:00",659,0,11.5,83
"2026/02/06 01:20:00",657,0,11.3,83
"2026/02/06 01:25:00",660,0,11.3,83
"2026/02/06 01:30:00",656,0,11.3,83
"2026/02/06 01:35:00",657,0,11.2,83
"2026/02/06 01:40:00",648,0,11.2,83
"2026/02/06 01:45:00",656,0,11.2,83
"2026/02/06 01:50:00",663,0,11.1,83
"2026/02/06 01:55:00",666,0,11.2,83
"2026/02/06 02:00:00",667,0,11.1,83
"2026/02/06 02:05:00",667,0,11.1,83
"2026/02/06 02:10:00",676,0,11.2,83
"2026/02/06 02:15:00",675,0,11,83
"2026/02/06 02:20:00",674,0,11,83
"2026/02/06 02:25:00",667,0,11,83
"2026/02/06 02:30:00",660,0,11,83
"2026/02/06 02:35:00",674,0,10.9,83
"2026/02/06 02:40:00",670,0,10.9,83
"2026/02/06 02:45:00",678,0,10.9,83
"2026/02/06 02:50:00",683,0,10.9,83
"2026/02/06 02:55:00",689,0,10.9,83
"2026/02/06 03:00:00",683,0,10.8,83
"2026/02/06 03:05:00",696,0,10.8,83
"2026/02/06 03:10:00",697,0,10.7,83
"2026/02/06 03:15:00",697,0,10.8,82
"2026/02/06 03:20:00",691,0,10.7,82
"2026/02/06 03:25:00",691,0,10.7,82
"2026/02/06 03:30:00",697,0,10.6,82
"2026/02/06 03:35:00",692,0,10.5,82
"2026/02/06 03:40:00",687,0,10.6,83
"2026/02/06 03:45:00",699,0,10.5,83
"2026/02/06 03:50:00",683,0,10.5,83
"2026/02/06 03:55:00",670,0,10.5,83
"2026/02/06 04:00:00",678,0,10.4,83
"2026/02/06 04:05:00",665,0,10.4,83
"2026/02/06 04:10:00",665,0,10.4,83
"2026/02/06 04:15:00",664,0,10.4,83
"2026/02/06 04:20:00",677,0,10.3,83
"2026/02/06 04:25:00",683,0,10.3,83
"2026/02/06 04:30:00",677,0,10.3,83
"2026/02/06 04:35:00",674,0,10.2,83
"2026/02/06 04:40:00",673,0,10.2,83
"2026/02/06 04:45:00",692,0,10.2,83
"2026/02/06 04:50:00",684,0,10.2,83
"2026/02/06 04:55:00",685,0,10.1,83
"2026/02/06 05:00:00",680,0,10.2,83
"2026/02/06 05:05:00",676,0,10.2,82
"2026/02/06 05:10:00",692,0,10.2,83
"2026/02/06 05:15:00",680,0,10.2,83
"2026/02/06 05:20:00",712,0,10.2,83
"2026/02/06 05:25:00",722,0,10.2,83
"2026/02/06 05:30:00",734,0,10.2,83
"2026/02/06 05:35:00",769,0,10.3,84
"2026/02/06 05:40:00",794,0,10.3,84
"2026/02/06 05:45:00",806,0,10.3,84
"2026/02/06 05:50:00",827,0,10.3,84
"2026/02/06 05:55:00",852,0,10.4,84
"2026/02/06 06:00:00",879,0,10.4,84
"2026/02/06 06:05:00",898,0,10.5,84
"2026/02/06 06:10:00",924,0,11.1,85
"2026/02/06 06:15:00",967,0,12.4,85
"2026/02/06 06:20:00",975,0,13.9,79
"2026/02/06 06:25:00",962,0,15.1,74
"2026/02/06 06:30:00",967,0,15,73
"2026/02/06 06:35:00",978,0,15.1,74
"2026/02/06 06:40:00",982,0,15.8,72
"2026/02/06 06:45:00",986,0.001,15.8,71
"2026/02/06 06:50:00",976,0.001,15.1,72
"2026/02/06 06:55:00",991,0.003,15.1,70
"2026/02/06 07:00:00",1020,0.004,15.7,68
"2026/02/06 07:05:00",1045,0.005,16.4,68
"2026/02/06 07:10:00",1047,0.005,16.6,66
"2026/02/06 07:15:00",1047,0.006,15.8,67
"2026/02/06 07:20:00",1071,0.006,15.8,69
"2026/02/06 07:25:00",1080,0.007,16.6,68
"2026/02/06 07:30:00",1098,0.008,16.7,67
"2026/02/06 07:35:00",1115,0.01,15.8,68
"2026/02/06 07:40:00",1113,0.011,16,70
"2026/02/06 07:45:00",1133,0.011,16.9,68
"2026/02/06 07:50:00",1146,0.011,16.7,68
"2026/02/06 07:55:00",1145,0.013,16.1,70
"2026/02/06 08:00:00",1161,0.015,15.8,71
"2026/02/06 08:05:00",1150,0.018,15.8,73
"2026/02/06 08:10:00",1151,0.027,16.1,73
"2026/02/06 08:15:00",1161,0.024,17,74
"2026/02/06 08:20:00",1159,0.026,17.8,73
"2026/02/06 08:25:00",1171,0.022,18.7,71
"2026/02/06 08:30:00",1179,0.021,19.2,70
"2026/02/06 08:35:00",1178,0.026,19.6,70
"2026/02/06 08:40:00",1162,0.028,20.4,69
"2026/02/06 08:45:00",1165,0.026,21.3,68
"2026/02/06 08:50:00",1153,0.023,21.9,67
"2026/02/06 08:55:00",1138,0.023,22.4,67
"2026/02/06 09:00:00",1127,0.025,22.6,67
"2026/02/06 09:05:00",1129,0.026,22.8,68
"2026/02/06 09:10:00",1126,0.027,23.1,71
"2026/02/06 09:15:00",1126,0.029,23.6,72
"2026/02/06 09:20:00",1110,0.028,24.2,72
"2026/02/06 09:25:00",1100,0.026,24.9,72
"2026/02/06 09:30:00",1080,0.025,25.1,74
"2026/02/06 09:35:00",1077,0.027,25.6,75
"2026/02/06 09:40:00",1075,0.026,26,76
"2026/02/06 09:45:00",928,0.026,25.5,59
"2026/02/06 09:50:00",751,0.028,25.5,59
"2026/02/06 09:55:00",624,0.026,25.3,49
"2026/02/06 10:00:00",569,0.029,25.4,52
"2026/02/06 10:05:00",543,0.03,26,53
"2026/02/06 10:10:00",527,0.032,26.4,55
"2026/02/06 10:15:00",512,0.034,26,42
"2026/02/06 10:20:00",500,0.037,26,48
"2026/02/06 10:25:00",496,0.041,26.7,51
"2026/02/06 10:30:00",512,0.041,27.4,49
"2026/02/06 10:35:00",497,0.042,24.3,63
"2026/02/06 10:40:00",503,0.036,24.9,61
"2026/02/06 10:45:00",494,0.042,22.2,67
"2026/02/06 10:50:00",490,0.043,24.8,65
"2026/02/06 10:55:00",492,0.04,24.3,58
"2026/02/06 11:00:00",459,0.051,22.6,69
"2026/02/06 11:05:00",492,0.038,24.6,68
"2026/02/06 11:10:00",495,0.047,23.7,71
"2026/02/06 11:15:00",510,0.075,23.9,65
"2026/02/06 11:20:00",492,0.075,24.4,63
"2026/02/06 11:25:00",477,0.085,24.9,59
"2026/02/06 11:30:00",475,0.078,22.6,68
"2026/02/06 11:35:00",466,0.116,25,69
"2026/02/06 11:40:00",454,0.121,23.1,57
"2026/02/06 11:45:00",447,0.092,24.1,62
"2026/02/06 11:50:00",448,0.09,24,74
"2026/02/06 11:55:00",423,0.078,23.8,76
"2026/02/06 12:00:00",451,0.083,24,78
"2026/02/06 12:05:00",407,0.091,23.9,76
"2026/02/06 12:10:00",414,0.079,24,79
"2026/02/06 12:15:00",412,0.07,23.1,76
"2026/02/06 12:20:00",416,0.068,22.5,80
"2026/02/06 12:25:00",421,0.056,24.8,69
"2026/02/06 12:30:00",408,0.059,23.2,55
"2026/02/06 12:35:00",421,0.051,23.7,51
"2026/02/06 12:40:00",427,0.046,22.9,49
"2026/02/06 12:45:00",422,0.048,23.2,46
"2026/02/06 12:50:00",434,0.045,23.8,49
"2026/02/06 12:55:00",430,0.041,24.1,47
"2026/02/06 13:00:00",426,0.044,23.4,45
"2026/02/06 13:05:00",429,0.04,22,39
"2026/02/06 13:10:00",429,0.039,23.3,41
"2026/02/06 13:15:00",444,0.039,23.6,42
"2026/02/06 13:20:00",436,0.041,23.7,40
"2026/02/06 13:25:00",439,0.046,23.1,41
"2026/02/06 13:30:00",436,0.038,23.8,38
"2026/02/06 13:35:00",440,0.049,25,46
"2026/02/06 13:40:00",439,0.045,24.1,41
"2026/02/06 13:45:00",436,0.047,23.7,42
"2026/02/06 13:50:00",445,0.028,22.6,39
"2026/02/06 13:55:00",440,0.026,24,45
"2026/02/06 14:00:00",444,0.026,23.2,54
"2026/02/06 14:05:00",449,0.085,22.7,62
"2026/02/06 14:10:00",455,0.043,25,64
"2026/02/06 14:15:00",460,0.053,24.1,48
"2026/02/06 14:20:00",454,0.073,24.2,49
"2026/02/06 14:25:00",459,0.064,24.9,48
"2026/02/06 14:30:00",442,0.055,21.3,65
"2026/02/06 14:35:00",447,0.046,21.5,70
"2026/02/06 14:40:00",444,0.039,23.1,50
"2026/02/06 14:45:00",443,0.036,22.8,43
"2026/02/06 14:50:00",440,0.037,22.7,44
"2026/02/06 14:55:00",442,0.037,23.3,45
"2026/02/06 15:00:00",446,0.036,24,50
"2026/02/06 15:05:00",447,0.034,22.7,42
"2026/02/06 15:10:00",453,0.032,21.8,39
"2026/02/06 15:15:00",464,0.032,22.8,44
"2026/02/06 15:20:00",456,0.031,23.7,49
"2026/02/06 15:25:00",480,0.03,23.9,53
"2026/02/06 15:30:00",486,0.027,24.2,55
"2026/02/06 15:35:00",500,0.025,23.2,51
"2026/02/06 15:40:00",501,0.024,22.4,50
"2026/02/06 15:45:00",498,0.024,21.9,51
"2026/02/06 15:50:00",508,0.022,22.4,53
"2026/02/06 15:55:00",512,0.019,22.4,58
"2026/02/06 16:00:00",539,0.018,22.4,63
"2026/02/06 16:05:00",557,0.016,22.2,67
"2026/02/06 16:10:00",584,0.014,21.8,71
"2026/02/06 16:15:00",597,0.013,21.6,72
"2026/02/06 16:20:00",629,0.011,21.2,75
"2026/02/06 16:25:00",657,0.01,20.7,77
"2026/02/06 16:30:00",682,0.009,20.2,78
"2026/02/06 16:35:00",696,0.007,20,79
"2026/02/06 16:40:00",714,0.006,19.3,80
"2026/02/06 16:45:00",742,0.005,18.7,81
"2026/02/06 16:50:00",763,0.004,18.1,83
"2026/02/06 16:55:00",788,0.003,17.6,84
"2026/02/06 17:00:00",814,0.002,17.2,84
"2026/02/06 17:05:00",836,0.002,16.6,85
"2026/02/06 17:10:00",858,0.001,16.2,86
"2026/02/06 17:15:00",888,0.001,15.9,86
"2026/02/06 17:20:00",900,0,15.4,87
"2026/02/06 17:25:00",910,0,14.7,86
"2026/02/06 17:30:00",912,0,14.6,87
"2026/02/06 17:35:00",919,0,14.2,87
"2026/02/06 17:40:00",931,0,14,88
"2026/02/06 17:45:00",913,0,13.9,88
"2026/02/06 17:50:00",918,0,14,88
"2026/02/06 17:55:00",904,0,13.9,88
"2026/02/06 18:00:00",914,0,13.5,89
"2026/02/06 18:05:00",908,0,13.2,78
"2026/02/06 18:10:00",781,0,13.2,72
"2026/02/06 18:15:00",703,0,13.7,76
"2026/02/06 18:20:00",651,0,14.1,78
"2026/02/06 18:25:00",616,0,14,78
"2026/02/06 18:30:00",589,0,14,79
"2026/02/06 18:35:00",579,0,13.9,79
"2026/02/06 18:40:00",567,0,14.2,79
"2026/02/06 18:45:00",552,0,13.9,80
"2026/02/06 18:50:00",550,0,13.8,77
"2026/02/06 18:55:00",538,0,13.7,77
"2026/02/06 19:00:00",521,0,13.5,75
"2026/02/06 19:05:00",513,0,13.5,75
"2026/02/06 19:10:00",509,0,13.4,74
"2026/02/06 19:15:00",496,0,13.7,74
"2026/02/06 19:20:00",492,0,13.3,73
"2026/02/06 19:25:00",501,0,13.2,73
"2026/02/06 19:30:00",463,0,13,73
"2026/02/06 19:35:00",503,0,13,73
"2026/02/06 19:40:00",495,0,12.9,72
"2026/02/06 19:45:00",501,0,12.9,73
"2026/02/06 19:50:00",493,0,12.9,73
"2026/02/06 19:55:00",500,0,12.6,71
"2026/02/06 20:00:00",490,0,12.7,71
"2026/02/06 20:05:00",497,0,12.4,70
"2026/02/06 20:10:00",491,0,12.3,70
"2026/02/06 20:15:00",496,0,12.3,70
"2026/02/06 20:20:00",493,0,12.3,70
"2026/02/06 20:25:00",494,0,12.2,70
"2026/02/06 20:30:00",487,0,12.3,72
"2026/02/06 20:35:00",496,0,12.3,72
"2026/02/06 20:40:00",493,0,12.3,74
"2026/02/06 20:45:00",498,0,12.1,72
"2026/02/06 20:50:00",500,0,12.2,72
"2026/02/06 20:55:00",500,0,12.2,72
"2026/02/06 21:00:00",444,0,11.9,70
"2026/02/06 21:05:00",492,0,12,72
"2026/02/06 21:10:00",495,0,11.9,73
"2026/02/06 21:15:00",499,0,11.8,72
"2026/02/06 21:20:00",500,0,11.9,72
"2026/02/06 21:25:00",501,0,11.8,72
"2026/02/06 21:30:00",496,0,11.6,71
"2026/02/06 21:35:00",503,0,11.7,72
"2026/02/06 21:40:00",501,0,11.7,72
"2026/02/06 21:45:00",492,0,11.5,71
"2026/02/06 21:50:00",491,0,11.5,71
"2026/02/06 21:55:00",495,0,11.5,72
"2026/02/06 22:00:00",494,0,11.6,73
"2026/02/06 22:05:00",500,0,11.4,72
"2026/02/06 22:10:00",495,0,11.4,72
"2026/02/06 22:15:00",495,0,11.4,72
"2026/02/06 22:20:00",500,0,11.3,72
"2026/02/06 22:25:00",497,0,11.1,71
"2026/02/06 22:30:00",494,0,11.1,72
"2026/02/06 22:35:00",503,0,11.2,72
"2026/02/06 22:40:00",494,0,11.2,73
"2026/02/06 22:45:00",500,0,11.2,72
"2026/02/06 22:50:00",502,0,10.9,73
"2026/02/06 22:55:00",511,0,11,73
"2026/02/06 23:00:00",505,0,11.1,73
"2026/02/06 23:05:00",505,0,11,73
"2026/02/06 23:10:00",487,0,11,74
"2026/02/06 23:15:00",509,0,11,74
"2026/02/06 23:20:00",501,0,10.9,74
"2026/02/06 23:25:00",512,0,10.8,74
"2026/02/06 23:30:00",559,0,10.9,73
"2026/02/06 23:35:00",518,0,10.7,74
"2026/02/06 23:40:00",508,0,10.9,74
"2026/02/06 23:45:00",507,0,10.8,75
"2026/02/06 23:50:00",510,0,10.8,75
"2026/02/06 23:55:00",509,0,10.6,74
"2026/02/07 00:00:00",510,0,10.7,74
"2026/02/07 00:05:00",507,0,10.6,74
"2026/02/07 00:10:00",512,0,10.8,74
"2026/02/07 00:15:00",522,0,10.6,74
"2026/02/07 00:20:00",515,0,10.7,75
"2026/02/07 00:25:00",520,0,10.5,74
"2026/02/07 00:30:00",511,0,10.5,75
"2026/02/07 00:35:00",514,0,10.6,75
"2026/02/07 00:40:00",514,0,10.4,75
"2026/02/07 00:45:00",513,0,10.5,75
"2026/02/07 00:50:00",518,0,10.5,76
"2026/02/07 00:55:00",521,0,10.4,75
"2026/02/07 01:00:00",514,0,10.3,75
"2026/02/07 01:05:00",512,0,10.4,75
"2026/02/07 01:10:00",514,0,10.2,75
"2026/02/07 01:15:00",526,0,10.3,76
"2026/02/07 01:20:00",514,0,10.2,75
"2026/02/07 01:25:00",516,0,10.3,76
"2026/02/07 01:30:00",524,0,10.1,76
"2026/02/07 01:35:00",521,0,10.2,76
"2026/02/07 01:40:00",525,0,10,76
"2026/02/07 01:45:00",523,0,10.1,76
"2026/02/07 01:50:00",529,0,10.1,76
"2026/02/07 01:55:00",518,0,10.1,76
"2026/02/07 02:00:00",525,0,10.1,76
"2026/02/07 02:05:00",523,0,9.9,76
"2026/02/07 02:10:00",528,0,10.1,76
"2026/02/07 02:15:00",525,0,10.1,77
"2026/02/07 02:20:00",512,0,10,76
"2026/02/07 02:25:00",517,0,10,77
"2026/02/07 02:30:00",519,0,9.9,77
"2026/02/07 02:35:00",519,0,10.1,76
"2026/02/07 02:40:00",517,0,10,76
"2026/02/07 02:45:00",518,0,10,76
"2026/02/07 02:50:00",511,0,9.9,75
"2026/02/07 02:55:00",507,0,9.9,76
"2026/02/07 03:00:00",517,0,10,75
"2026/02/07 03:05:00",522,0,10.1,75
"2026/02/07 03:10:00",512,0,10,75
"2026/02/07 03:15:00",509,0,10,75
"2026/02/07 03:20:00",514,0,9.8,75
"2026/02/07 03:25:00",517,0,9.9,75
"2026/02/07 03:30:00",515,0,9.9,75
"2026/02/07 03:35:00",508,0,9.9,75
"2026/02/07 03:40:00",510,0,10,74
"2026/02/07 03:45:00",505,0,9.8,74
"2026/02/07 03:50:00",516,0,9.9,75
"2026/02/07 03:55:00",513,0,9.8,75
"2026/02/07 04:00:00",504,0,9.7,75
"2026/02/07 04:05:00",514,0,9.9,75
"2026/02/07 04:10:00",523,0,9.7,74
"2026/02/07 04:15:00",512,0,9.9,76
"2026/02/07 04:20:00",503,0,9.8,74
"2026/02/07 04:25:00",514,0,9.9,75
"2026/02/07 04:30:00",481,0,9.9,74
"2026/02/07 04:35:00",509,0,9.9,74
"2026/02/07 04:40:00",519,0,10,74
"2026/02/07 04:45:00",511,0,9.8,74
"2026/02/07 04:50:00",521,0,10,74
"2026/02/07 04:55:00",513,0,9.9,75
"2026/02/07 05:00:00",525,0,10,75
"2026/02/07 05:05:00",519,0,10.1,75
"2026/02/07 05:10:00",523,0,10.4,77
"2026/02/07 05:15:00",523,0,10.4,78
"2026/02/07 05:20:00",536,0,10.6,80
"2026/02/07 05:25:00",541,0,10.8,82
"2026/02/07 05:30:00",555,0,10.9,83
"2026/02/07 05:35:00",570,0,11.1,84
"2026/02/07 05:40:00",583,0,11.2,85
"2026/02/07 05:45:00",594,0,11.2,86
"2026/02/07 05:50:00",602,0,11.4,87
"2026/02/07 05:55:00",613,0,11.4,87
"2026/02/07 06:00:00",619,0,11.5,87
"2026/02/07 06:05:00",644,0,12.6,83
"2026/02/07 06:10:00",657,0,16.4,69
"2026/02/07 06:15:00",663,0,18.4,63
"2026/02/07 06:20:00",662,0,15.8,74
"2026/02/07 06:25:00",674,0,14.3,82
"2026/02/07 06:30:00",678,0,16.2,74
"2026/02/07 06:35:00",670,0,17.7,68
"2026/02/07 06:40:00",666,0,15.6,77
"2026/02/07 06:45:00",671,0,14.4,82
"2026/02/07 06:50:00",675,0,14.7,76
"2026/02/07 06:55:00",684,0.001,18,66
"2026/02/07 07:00:00",694,0.001,18.1,65
"2026/02/07 07:05:00",696,0.001,14.1,78
"2026/02/07 07:10:00",698,0.001,15.6,74
"2026/02/07 07:15:00",697,0.002,17.7,65
"2026/02/07 07:20:00",732,0.002,17.5,68
"2026/02/07 07:25:00",749,0.003,14.5,78
"2026/02/07 07:30:00",761,0.003,15.3,75
"2026/02/07 07:35:00",808,0.003,17.7,68
"2026/02/07 07:40:00",820,0.004,16.8,70
"2026/02/07 07:45:00",838,0.004,14.2,79
"2026/02/07 07:50:00",847,0.005,16.1,73
"2026/02/07 07:55:00",881,0.005,19,63
"2026/02/07 08:00:00",914,0.007,16,74
"2026/02/07 08:05:00",892,0.008,14.1,80
"2026/02/07 08:10:00",915,0.008,16.3,72
"2026/02/07 08:15:00",933,0.009,18.3,65
"2026/02/07 08:20:00",942,0.012,15.4,76
"2026/02/07 08:25:00",933,0.012,14.1,80
"2026/02/07 08:30:00",942,0.01,14.9,77
"2026/02/07 08:35:00",958,0.009,18.4,66
"2026/02/07 08:40:00",987,0.01,16.2,72
"2026/02/07 08:45:00",989,0.011,14.2,80
"2026/02/07 08:50:00",981,0.011,15.1,77
"2026/02/07 08:55:00",1001,0.014,17.9,67
"2026/02/07 09:00:00",1017,0.012,15.3,77
"2026/02/07 09:05:00",1020,0.012,14.2,80
"2026/02/07 09:10:00",1018,0.013,14,81
"2026/02/07 09:15:00",1038,0.014,17.8,69
"2026/02/07 09:20:00",1052,0.015,16.3,73
"2026/02/07 09:25:00",1060,0.015,14.5,80
"2026/02/07 09:30:00",1045,0.015,14,82
"2026/02/07 09:35:00",1056,0.015,13.9,81
"2026/02/07 09:40:00",1067,0.018,17.8,68
"2026/02/07 09:45:00",1076,0.022,16.3,74
"2026/02/07 09:50:00",1088,0.021,14.9,78
"2026/02/07 09:55:00",1082,0.02,14.4,80
"2026/02/07 10:00:00",1076,0.023,14.3,81
"2026/02/07 10:05:00",1083,0.019,14,81
"2026/02/07 10:10:00",1086,0.018,13.8,81
"2026/02/07 10:15:00",1083,0.016,13.7,82
"2026/02/07 10:20:00",1086,0.015,13.5,82
"2026/02/07 10:25:00",1105,0.019,13.2,82
"2026/02/07 10:30:00",1094,0.023,13.5,82
"2026/02/07 10:35:00",1092,0.025,13.2,81
"2026/02/07 10:40:00",1090,0.025,13.6,81
"2026/02/07 10:45:00",1083,0.027,13.7,80
"2026/02/07 10:50:00",1108,0.024,14,80
"2026/02/07 10:55:00",1107,0.027,14.1,80
"2026/02/07 11:00:00",1149,0.028,14.5,79
"2026/02/07 11:05:00",1177,0.031,14.6,79
"2026/02/07 11:10:00",1197,0.039,14.9,79
"2026/02/07 11:15:00",1212,0.031,15.5,78
"2026/02/07 11:20:00",1241,0.032,15.4,78
"2026/02/07 11:25:00",1256,0.036,15.3,79
"2026/02/07 11:30:00",1273,0.04,15.4,78
"2026/02/07 11:35:00",1254,0.042,15.7,79
"2026/02/07 11:40:00",1245,0.044,16.1,79
"2026/02/07 11:45:00",1247,0.045,16.4,78
"2026/02/07 11:50:00",1236,0.044,16.8,78
"2026/02/07 11:55:00",1221,0.043,16.9,78
"2026/02/07 12:00:00",1210,0.038,17.1,78
"2026/02/07 12:05:00",1204,0.037,16.7,79
"2026/02/07 12:10:00",1198,0.035,16.8,80
"2026/02/07 12:15:00",1159,0.03,16.3,79
"2026/02/07 12:20:00",1177,0.027,16.1,80
"2026/02/07 12:25:00",1177,0.026,15.5,81
"2026/02/07 12:30:00",1172,0.029,15.1,82
"2026/02/07 12:35:00",1178,0.03,14.8,80
"2026/02/07 12:40:00",1179,0.026,14,80
"2026/02/07 12:45:00",1172,0.025,13.5,81
"2026/02/07 12:50:00",1163,0.026,13.3,81
"2026/02/07 12:55:00",1173,0.025,12.8,80
"2026/02/07 13:00:00",1142,0.025,12.3,81
"2026/02/07 13:05:00",1162,0.026,12.1,80
"2026/02/07 13:10:00",1160,0.026,11.9,81
"2026/02/07 13:15:00",1159,0.026,11.8,81
"2026/02/07 13:20:00",1173,0.026,11.3,81
"2026/02/07 13:25:00",1183,0.023,11.6,80
"2026/02/07 13:30:00",1170,0.021,12,80
"2026/02/07 13:35:00",1179,0.02,14.2,71
"2026/02/07 13:40:00",1201,0.02,14,72
"2026/02/07 13:45:00",1220,0.018,12.4,78
"2026/02/07 13:50:00",1215,0.018,11.7,80
"2026/02/07 13:55:00",1229,0.017,11.5,81
"2026/02/07 14:00:00",1256,0.017,14.9,70
"2026/02/07 14:05:00",1290,0.018,14.6,73
"2026/02/07 14:10:00",1274,0.02,13.2,79
"2026/02/07 14:15:00",1289,0.02,13,81
"2026/02/07 14:20:00",1290,0.018,12.9,82
"2026/02/07 14:25:00",1297,0.02,13,82
"2026/02/07 14:30:00",1292,0.018,12.9,82
"2026/02/07 14:35:00",1314,0.016,12.8,82
"2026/02/07 14:40:00",1303,0.015,12.7,83
"2026/02/07 14:45:00",1313,0.015,12.7,83
"2026/02/07 14:50:00",1313,0.016,12.7,84
"2026/02/07 14:55:00",1326,0.015,12.7,84
"2026/02/07 15:00:00",1330,0.015,13.1,84
"2026/02/07 15:05:00",1333,0.015,13,84
"2026/02/07 15:10:00",1343,0.016,13,84
"2026/02/07 15:15:00",1350,0.015,12.9,85
"2026/02/07 15:20:00",1346,0.013,12.9,84
"2026/02/07 15:25:00",1348,0.012,12.8,84
"2026/02/07 15:30:00",1350,0.012,12.6,85
"2026/02/07 15:35:00",1360,0.009,12.8,85
"2026/02/07 15:40:00",1367,0.003,13.3,84
"2026/02/07 15:45:00",1376,0.003,13.8,83
"2026/02/07 15:50:00",1389,0.003,14,83
"2026/02/07 15:55:00",1404,0.003,14.2,83
"2026/02/07 16:00:00",1423,0.003,14.3,82
"2026/02/07 16:05:00",1426,0.004,14.1,82
"2026/02/07 16:10:00",1432,0.004,13.9,82
"2026/02/07 16:15:00",1428,0.003,14,82
"2026/02/07 16:20:00",1418,0.003,14,82
"2026/02/07 16:25:00",1439,0.002,13.9,82
"2026/02/07 16:30:00",1445,0.002,13.9,82
"2026/02/07 16:35:00",1449,0.002,13.7,83
"2026/02/07 16:40:00",1452,0.002,13.6,82
"2026/02/07 16:45:00",1460,0.001,13.5,82
"2026/02/07 16:50:00",1472,0.001,13.3,82
"2026/02/07 16:55:00",1470,0.001,13.1,82
"2026/02/07 17:00:00",1482,0.001,13,82
"2026/02/07 17:05:00",1494,0.001,12.7,81
"2026/02/07 17:10:00",1484,0,12.3,83
"2026/02/07 17:15:00",1481,0,11.8,84
"2026/02/07 17:20:00",1478,0,11.8,84
"2026/02/07 17:25:00",1473,0,11.8,84
"2026/02/07 17:30:00",1468,0,11.8,85
"2026/02/07 17:35:00",1457,0,11.7,85
"2026/02/07 17:40:00",1440,0,11.7,86
"2026/02/07 17:45:00",1455,0,11.6,86
"2026/02/07 17:50:00",1435,0,11.7,86
"2026/02/07 17:55:00",1421,0,11.6,86
"2026/02/07 18:00:00",1437,0,11.7,86
"2026/02/07 18:05:00",1445,0,11.3,84
"2026/02/07 18:10:00",1295,0,10.7,81
"2026/02/07 18:15:00",1102,0,10.3,80
"2026/02/07 18:20:00",915,0,10.6,79
"2026/02/07 18:25:00",764,0,9.9,80
"2026/02/07 18:30:00",676,0,10,78
"2026/02/07 18:35:00",648,0,10.1,76
"2026/02/07 18:40:00",618,0,10.3,76
"2026/02/07 18:45:00",591,0,10.6,75
"2026/02/07 18:50:00",570,0,10.6,75
"2026/02/07 18:55:00",556,0,10.6,76
"2026/02/07 19:00:00",556,0,10.7,78
"2026/02/07 19:05:00",566,0,10.8,78
"2026/02/07 19:10:00",563,0,11,79
"2026/02/07 19:15:00",572,0,11,79
"2026/02/07 19:20:00",586,0,11.1,80
"2026/02/07 19:25:00",587,0,11.2,80
"2026/02/07 19:30:00",588,0,11.1,80
"2026/02/07 19:35:00",599,0,11.2,80
"2026/02/07 19:40:00",589,0,11.1,80
"2026/02/07 19:45:00",590,0,11.1,80
"2026/02/07 19:50:00",608,0,11.1,80
"2026/02/07 19:55:00",598,0,11.2,80
"2026/02/07 20:00:00",597,0,11.1,80
"2026/02/07 20:05:00",597,0,11.2,80
"2026/02/07 20:10:00",606,0,11.1,81
"2026/02/07 20:15:00",599,0,11.2,81
"2026/02/07 20:20:00",581,0,11,81
"2026/02/07 20:25:00",591,0,11,81
"2026/02/07 20:30:00",588,0,10.9,81
"2026/02/07 20:35:00",578,0,11,81
"2026/02/07 20:40:00",588,0,10.9,81
"2026/02/07 20:45:00",596,0,10.9,81
"2026/02/07 20:50:00",590,0,10.9,81
"2026/02/07 20:55:00",590,0,10.8,81
"2026/02/07 21:00:00",583,0,10.7,81
"2026/02/07 21:05:00",609,0,10.7,81
"2026/02/07 21:10:00",589,0,10.6,80
"2026/02/07 21:15:00",603,0,10.5,80
"2026/02/07 21:20:00",595,0,10.6,80
"2026/02/07 21:25:00",590,0,10.5,80
"2026/02/07 21:30:00",610,0,10.5,80
"2026/02/07 21:35:00",611,0,10.4,80
"2026/02/07 21:40:00",608,0,10.5,80
"2026/02/07 21:45:00",606,0,10.4,80
"2026/02/07 21:50:00",606,0,10.3,80
"2026/02/07 21:55:00",616,0,10.2,80
"2026/02/07 22:00:00",622,0,10.3,80
"2026/02/07 22:05:00",624,0,10.3,80
"2026/02/07 22:10:00",621,0,10.2,81
"2026/02/07 22:15:00",633,0,10.3,80
"2026/02/07 22:20:00",639,0,10.4,80
"2026/02/07 22:25:00",637,0,10.2,80
"2026/02/07 22:30:00",643,0,10.1,80
"2026/02/07 22:35:00",639,0,10.1,80
"2026/02/07 22:40:00",633,0,10.1,80
"2026/02/07 22:45:00",635,0,10.1,80
"2026/02/07 22:50:00",636,0,9.9,80
"2026/02/07 22:55:00",641,0,9.9,80
"2026/02/07 23:00:00",641,0,9.8,80
"2026/02/07 23:05:00",645,0,9.9,80
"2026/02/07 23:10:00",636,0,9.8,80
"2026/02/07 23:15:00",642,0,9.8,80
"2026/02/07 23:20:00",652,0,9.8,80
"2026/02/07 23:25:00",648,0,9.7,80
"2026/02/07 23:30:00",641,0,9.7,81
"2026/02/07 23:35:00",636,0,9.8,81
"2026/02/07 23:40:00",650,0,9.7,81
"2026/02/07 23:45:00",636,0,9.5,80
"2026/02/07 23:50:00",601,0,9.3,80
"2026/02/07 23:55:00",579,0,9.2,81
"2026/02/08 00:00:00",563,0,8.8,80
"2026/02/08 00:05:00",547,0,8.9,81
"2026/02/08 00:10:00",535,0,8.8,81
"2026/02/08 00:15:00",551,0,8.9,81
"2026/02/08 00:20:00",549,0,9,81
"2026/02/08 00:25:00",564,0,9.1,81
"2026/02/08 00:30:00",559,0,9.1,81
"2026/02/08 00:35:00",560,0,9.1,81
"2026/02/08 00:40:00",544,0,9.2,81
"2026/02/08 00:45:00",556,0,9.2,81
"2026/02/08 00:50:00",565,0,9.3,81
"2026/02/08 00:55:00",574,0,9.5,82
"2026/02/08 01:00:00",576,0,9.5,82
"2026/02/08 01:05:00",586,0,9.5,82
"2026/02/08 01:10:00",600,0,9.6,82
"2026/02/08 01:15:00",603,0,9.5,82
"2026/02/08 01:20:00",607,0,9.7,81
"2026/02/08 01:25:00",627,0,9.6,81
"2026/02/08 01:30:00",614,0,9.7,81
"2026/02/08 01:35:00",632,0,9.6,81
"2026/02/08 01:40:00",630,0,9.6,81
"2026/02/08 01:45:00",629,0,9.5,81
"2026/02/08 01:50:00",631,0,9.3,81
"2026/02/08 01:55:00",628,0,9.3,81
"2026/02/08 02:00:00",617,0,9.4,81
"2026/02/08 02:05:00",623,0,9.4,81
"2026/02/08 02:10:00",620,0,9.2,81
"2026/02/08 02:15:00",621,0,9.1,81
"2026/02/08 02:20:00",613,0,9.2,81
"2026/02/08 02:25:00",603,0,9.1,81
"2026/02/08 02:30:00",593,0,9,82
"2026/02/08 02:35:00",595,0,9,82
"2026/02/08 02:40:00",594,0,8.9,82
"2026/02/08 02:45:00",594,0,8.9,82
"2026/02/08 02:50:00",599,0,8.9,82
"2026/02/08 02:55:00",590,0,8.9,82
"2026/02/08 03:00:00",595,0,8.9,81
"2026/02/08 03:05:00",587,0,9,82
"2026/02/08 03:10:00",586,0,8.8,81
"2026/02/08 03:15:00",578,0,8.7,82
"2026/02/08 03:20:00",587,0,8.7,82
"2026/02/08 03:25:00",574,0,8.7,82
"2026/02/08 03:30:00",574,0,8.5,82
"2026/02/08 03:35:00",570,0,8.6,82
"2026/02/08 03:40:00",568,0,8.4,82
"2026/02/08 03:45:00",560,0,8.5,82
"2026/02/08 03:50:00",556,0,8.2,82
"2026/02/08 03:55:00",550,0,8.3,82
"2026/02/08 04:00:00",554,0,8.3,82
"2026/02/08 04:05:00",562,0,8.3,82
"2026/02/08 04:10:00",579,0,8.5,82
"2026/02/08 04:15:00",595,0,8.6,82
"2026/02/08 04:20:00",587,0,8.6,82
"2026/02/08 04:25:00",593,0,8.7,82
"2026/02/08 04:30:00",597,0,8.7,82
"2026/02/08 04:35:00",589,0,8.7,82
"2026/02/08 04:40:00",604,0,8.7,82
"2026/02/08 04:45:00",607,0,8.8,81
"2026/02/08 04:50:00",602,0,8.8,82
"2026/02/08 04:55:00",606,0,8.8,82
"2026/02/08 05:00:00",603,0,8.8,81
"2026/02/08 05:05:00",605,0,8.7,81
"2026/02/08 05:10:00",614,0,8.8,82
"2026/02/08 05:15:00",616,0,8.9,82
"2026/02/08 05:20:00",635,0,9,83
"2026/02/08 05:25:00",664,0,9.1,83
"2026/02/08 05:30:00",682,0,9.1,83
"2026/02/08 05:35:00",709,0,9.3,83
"2026/02/08 05:40:00",731,0,9.2,83
"2026/02/08 05:45:00",758,0,9.3,83
"2026/02/08 05:50:00",777,0,9.3,83
"2026/02/08 05:55:00",796,0,9.2,83
"2026/02/08 06:00:00",816,0,9.3,83
"2026/02/08 06:05:00",831,0,9.3,82
"2026/02/08 06:10:00",852,0,9.8,83
"2026/02/08 06:15:00",888,0,10.6,83
"2026/02/08 06:20:00",916,0,11.6,81
"2026/02/08 06:25:00",940,0,12.6,78
"2026/02/08 06:30:00",950,0,13.2,75
"2026/02/08 06:35:00",978,0,13.9,73
"2026/02/08 06:40:00",980,0,14.3,72
"2026/02/08 06:45:00",999,0,14.7,71
"2026/02/08 06:50:00",999,0,15.6,70
"2026/02/08 06:55:00",1000,0.001,15.5,68
"2026/02/08 07:00:00",997,0.002,15.9,65
"2026/02/08 07:05:00",1029,0.002,15.9,64
"2026/02/08 07:10:00",1035,0.003,15.9,63
"2026/02/08 07:15:00",1056,0.004,16.2,63
"2026/02/08 07:20:00",1070,0.005,16.3,62
"2026/02/08 07:25:00",1065,0.006,16.4,63
"2026/02/08 07:30:00",1093,0.007,16.7,62
"2026/02/08 07:35:00",1096,0.007,16.4,62
"2026/02/08 07:40:00",1107,0.006,15.4,64
"2026/02/08 07:45:00",1111,0.006,15.4,64
"2026/02/08 07:50:00",1132,0.008,15.7,64
"2026/02/08 07:55:00",1129,0.01,16,63
"2026/02/08 08:00:00",1135,0.01,16.4,62
"2026/02/08 08:05:00",1162,0.009,16.3,61
"2026/02/08 08:10:00",1153,0.013,15.5,63
"2026/02/08 08:15:00",1170,0.015,15.7,63
"2026/02/08 08:20:00",1184,0.012,16.2,62
"2026/02/08 08:25:00",1183,0.013,16.5,62
"2026/02/08 08:30:00",1176,0.013,15.5,63
"2026/02/08 08:35:00",1184,0.012,15.5,64
"2026/02/08 08:40:00",1205,0.013,16,63
"2026/02/08 08:45:00",1213,0.015,16.5,62
"2026/02/08 08:50:00",1207,0.014,16.4,62
"2026/02/08 08:55:00",1210,0.017,15.5,64
"2026/02/08 09:00:00",1216,0.017,15.7,64
"2026/02/08 09:05:00",1225,0.017,16.3,62
"2026/02/08 09:10:00",1222,0.024,16,61
"2026/02/08 09:15:00",1214,0.025,15.4,63
"2026/02/08 09:20:00",1215,0.026,15.8,63
"2026/02/08 09:25:00",1228,0.028,16.4,62
"2026/02/08 09:30:00",1218,0.026,15.7,61
"2026/02/08 09:35:00",1211,0.029,15.6,63
"2026/02/08 09:40:00",1218,0.032,16.2,62
"2026/02/08 09:45:00",1209,0.028,15.6,62
"2026/02/08 09:50:00",1215,0.025,15.5,64
"2026/02/08 09:55:00",1223,0.027,16.2,64
"2026/02/08 10:00:00",1219,0.031,15.8,63
"2026/02/08 10:05:00",1205,0.031,15.3,64
"2026/02/08 10:10:00",1201,0.034,15,65
"2026/02/08 10:15:00",1193,0.032,14.6,65
"2026/02/08 10:20:00",1209,0.034,14.5,66
"2026/02/08 10:25:00",1194,0.036,14.1,66
"2026/02/08 10:30:00",1193,0.037,14.1,67
"2026/02/08 10:35:00",1196,0.04,14,67
"2026/02/08 10:40:00",1184,0.045,14.1,68
"2026/02/08 10:45:00",1189,0.051,14.3,68
"2026/02/08 10:50:00",1183,0.053,15,68
"2026/02/08 10:55:00",1174,0.054,15.6,68
"2026/02/08 11:00:00",1161,0.057,16.1,68
"2026/02/08 11:05:00",1161,0.057,16.7,68
"2026/02/08 11:10:00",1038,0.053,17.1,68
"2026/02/08 11:15:00",1164,0.057,17.6,68
"2026/02/08 11:20:00",1163,0.058,18.1,68
"2026/02/08 11:25:00",1152,0.068,18.6,67
"2026/02/08 11:30:00",1158,0.062,19.1,67
"2026/02/08 11:35:00",1167,0.063,19.5,67
"2026/02/08 11:40:00",1159,0.071,19.8,67
"2026/02/08 11:45:00",1151,0.064,20.3,67
"2026/02/08 11:50:00",1129,0.064,20.5,66
"2026/02/08 11:55:00",1116,0.063,20.9,66
"2026/02/08 12:00:00",1116,0.064,21,66
"2026/02/08 12:05:00",1096,0.056,21.1,66
"2026/02/08 12:10:00",1090,0.065,21.3,66
"2026/02/08 12:15:00",1078,0.07,21.5,67
"2026/02/08 12:20:00",1057,0.071,21.9,67
"2026/02/08 12:25:00",1042,0.074,22.4,66
"2026/02/08 12:30:00",1036,0.068,22.8,66
"2026/02/08 12:35:00",1015,0.072,23.1,66
"2026/02/08 12:40:00",1008,0.073,23.4,66
"2026/02/08 12:45:00",969,0.072,23.6,66
"2026/02/08 12:50:00",976,0.073,24,66
"2026/02/08 12:55:00",956,0.071,24.3,66
"2026/02/08 13:00:00",939,0.079,24.6,66
"2026/02/08 13:05:00",931,0.076,24.8,66
"2026/02/08 13:10:00",931,0.078,25.2,66
"2026/02/08 13:15:00",905,0.07,25.5,65
"2026/02/08 13:20:00",861,0.069,25.4,63
"2026/02/08 13:25:00",809,0.058,25,62
"2026/02/08 13:30:00",780,0.049,24.6,63
"2026/02/08 13:35:00",769,0.045,23.9,64
"2026/02/08 13:40:00",773,0.047,23.3,65
"2026/02/08 13:45:00",802,0.045,22.9,66
"2026/02/08 13:50:00",815,0.045,22.2,66
"2026/02/08 13:55:00",828,0.045,22,67
"2026/02/08 14:00:00",854,0.046,21.6,67
"2026/02/08 14:05:00",841,0.046,21.2,68
"2026/02/08 14:10:00",858,0.043,21,68
"2026/02/08 14:15:00",861,0.04,21,68
"2026/02/08 14:20:00",867,0.039,20.7,69
"2026/02/08 14:25:00",870,0.038,20.5,69
"2026/02/08 14:30:00",874,0.034,20.2,69
"2026/02/08 14:35:00",845,0.036,19.9,69
"2026/02/08 14:40:00",871,0.041,19.7,70
"2026/02/08 14:45:00",888,0.041,19.6,70
"2026/02/08 14:50:00",880,0.038,19.6,70
"2026/02/08 14:55:00",893,0.036,19.6,69
"2026/02/08 15:00:00",896,0.033,19.4,69
"2026/02/08 15:05:00",912,0.031,19.3,69
"2026/02/08 15:10:00",903,0.032,19,70
"2026/02/08 15:15:00",910,0.029,18.8,70
"2026/02/08 15:20:00",915,0.023,18.7,70
"2026/02/08 15:25:00",924,0.021,18.2,70
"2026/02/08 15:30:00",928,0.023,17.7,70
"2026/02/08 15:35:00",949,0.022,17.5,70
"2026/02/08 15:40:00",944,0.02,17,71
"2026/02/08 15:45:00",941,0.02,16.7,71
"2026/02/08 15:50:00",964,0.018,16.4,71
"2026/02/08 15:55:00",975,0.015,16.1,71
"2026/02/08 16:00:00",979,0.014,15.7,72
"2026/02/08 16:05:00",988,0.013,15.5,72
"2026/02/08 16:10:00",1008,0.01,15.1,72
"2026/02/08 16:15:00",1028,0.008,14.6,73
"2026/02/08 16:20:00",1026,0.008,14.4,73
"2026/02/08 16:25:00",1050,0.007,14.1,73
"2026/02/08 16:30:00",1063,0.006,13.6,74
"2026/02/08 16:35:00",1067,0.005,13.2,74
"2026/02/08 16:40:00",1089,0.004,12.9,75
"2026/02/08 16:45:00",1098,0.003,12.6,75
"2026/02/08 16:50:00",1117,0.003,12.2,76
"2026/02/08 16:55:00",1123,0.002,12,76
"2026/02/08 17:00:00",1134,0.002,11.7,77
"2026/02/08 17:05:00",1144,0.001,11.4,77
"2026/02/08 17:10:00",1162,0.001,11.2,77
"2026/02/08 17:15:00",1170,0.001,11,78
"2026/02/08 17:20:00",1192,0,10.8,79
"2026/02/08 17:25:00",1200,0,10.5,79
"2026/02/08 17:30:00",1222,0,10.3,79
"2026/02/08 17:35:00",1229,0,10.1,80
"2026/02/08 17:40:00",1236,0,10,80
"2026/02/08 17:45:00",1248,0,9.8,80
"2026/02/08 17:50:00",1265,0,9.6,81
"2026/02/08 17:55:00",1260,0,9.4,81
"2026/02/08 18:00:00",1269,0,9.3,81
"2026/02/08 18:05:00",1242,0,9,80
"2026/02/08 18:10:00",942,0,8.3,78
"2026/02/08 18:15:00",854,0,8.6,79
"2026/02/08 18:20:00",808,0,8.9,79
"2026/02/08 18:25:00",766,0,9.2,80
"2026/02/08 18:30:00",705,0,9.4,80
"2026/02/08 18:35:00",687,0,9.4,81
"2026/02/08 18:40:00",649,0,9.5,81
"2026/02/08 18:45:00",623,0,9.6,81
"2026/02/08 18:50:00",615,0,9.6,81
"2026/02/08 18:55:00",595,0,9.6,80
"2026/02/08 19:00:00",586,0,9.6,80
"2026/02/08 19:05:00",576,0,9.5,80
"2026/02/08 19:10:00",574,0,9.4,80
"2026/02/08 19:15:00",580,0,9.5,80
"2026/02/08 19:20:00",573,0,9.4,80
"2026/02/08 19:25:00",581,0,9.4,80
"2026/02/08 19:30:00",571,0,9.4,80
"2026/02/08 19:35:00",568,0,9.3,80
"2026/02/08 19:40:00",576,0,9.3,80
"2026/02/08 19:45:00",583,0,9.3,80
"2026/02/08 19:50:00",574,0,9.3,80
"2026/02/08 19:55:00",576,0,9.2,80
"2026/02/08 20:00:00",579,0,9.1,80
"2026/02/08 20:05:00",569,0,8.9,80
"2026/02/08 20:10:00",574,0,8.8,80
"2026/02/08 20:15:00",581,0,8.8,80
"2026/02/08 20:20:00",570,0,8.7,80
"2026/02/08 20:25:00",564,0,8.8,79
"2026/02/08 20:30:00",580,0,8.7,79
"2026/02/08 20:35:00",569,0,8.7,79
"2026/02/08 20:40:00",571,0,8.6,79
"2026/02/08 20:45:00",582,0,8.6,79
"2026/02/08 20:50:00",580,0,8.6,79
"2026/02/08 20:55:00",581,0,8.5,79
"2026/02/08 21:00:00",576,0,8.5,79
"2026/02/08 21:05:00",577,0,8.5,79
"2026/02/08 21:10:00",586,0,8.4,79
"2026/02/08 21:15:00",577,0,8.5,79
"2026/02/08 21:20:00",584,0,8.3,79
"2026/02/08 21:25:00",574,0,8.3,80
"2026/02/08 21:30:00",557,0,8.4,80
"2026/02/08 21:35:00",571,0,8.1,80
"2026/02/08 21:40:00",586,0,8.2,80
"2026/02/08 21:45:00",577,0,8.1,80
"2026/02/08 21:50:00",583,0,8.2,80
"2026/02/08 21:55:00",604,0,8.2,80
"2026/02/08 22:00:00",592,0,8.1,81
"2026/02/08 22:05:00",594,0,8.1,81
"2026/02/08 22:10:00",592,0,8,81
"2026/02/08 22:15:00",592,0,8,81
"2026/02/08 22:20:00",590,0,8,81
"2026/02/08 22:25:00",565,0,8,81
"2026/02/08 22:30:00",589,0,7.9,81
"2026/02/08 22:35:00",583,0,7.8,81
"2026/02/08 22:40:00",581,0,7.9,81
"2026/02/08 22:45:00",588,0,7.8,81
"2026/02/08 22:50:00",576,0,7.8,81
"2026/02/08 22:55:00",572,0,7.8,80
"2026/02/08 23:00:00",556,0,7.8,80
"2026/02/08 23:05:00",578,0,7.7,80
"2026/02/08 23:10:00",586,0,7.7,80
"2026/02/08 23:15:00",552,0,7.6,80
"2026/02/08 23:20:00",578,0,7.7,80
"2026/02/08 23:25:00",580,0,7.7,80
"2026/02/08 23:30:00",575,0,7.6,80
"2026/02/08 23:35:00",704,0,7.6,80
"2026/02/08 23:40:00",576,0,7.5,80
"2026/02/08 23:45:00",568,0,7.5,80
"2026/02/08 23:50:00",582,0,7.4,80
"2026/02/08 23:55:00",581,0,7.5,80
