日時,"室内CO2濃度[ppm]","室内日射強度[kW m-2]","室内気温[C]","室内相対湿度[%]","積算日射[MJ]"
"2026/01/19 00:00:00",530,0,11.3,78,0.8
"2026/01/19 00:05:00",532,0,11.1,79,0
"2026/01/19 00:10:00",539,0,10.9,79,0
"2026/01/19 00:15:00",524,0,10.8,79,0
"2026/01/19 00:20:00",539,0,10.7,79,0
"2026/01/19 00:25:00",536,0,10.8,79,0
"2026/01/19 00:30:00",536,0,10.7,79,0
"2026/01/19 00:35:00",532,0,10.6,80,0
"2026/01/19 00:40:00",533,0,10.5,80,0
"2026/01/19 00:45:00",536,0,10.5,80,0
"2026/01/19 00:50:00",533,0,10.4,80,0
"2026/01/19 00:55:00",530,0,10.5,81,0
"2026/01/19 01:00:00",537,0,10.6,80,0
"2026/01/19 01:05:00",537,0,10.6,79,0
"2026/01/19 01:10:00",534,0,10.6,79,0
"2026/01/19 01:15:00",535,0,10.5,79,0
"2026/01/19 01:20:00",528,0,10.5,79,0
"2026/01/19 01:25:00",535,0,10.5,78,0
"2026/01/19 01:30:00",538,0,10.4,78,0
"2026/01/19 01:35:00",528,0,10.5,78,0
"2026/01/19 01:40:00",541,0,10.4,78,0
"2026/01/19 01:45:00",532,0,10.3,78,0
"2026/01/19 01:50:00",534,0,10.3,78,0
"2026/01/19 01:55:00",536,0,10.4,77,0
"2026/01/19 02:00:00",528,0,10.2,78,0
"2026/01/19 02:05:00",533,0,10.3,78,0
"2026/01/19 02:10:00",534,0,10.1,78,0
"2026/01/19 02:15:00",530,0,9.8,79,0
"2026/01/19 02:20:00",533,0,9.9,79,0
"2026/01/19 02:25:00",529,0,9.8,79,0
"2026/01/19 02:30:00",526,0,9.8,79,0
"2026/01/19 02:35:00",528,0,9.8,79,0
"2026/01/19 02:40:00",536,0,10,78,0
"2026/01/19 02:45:00",530,0,9.8,78,0
"2026/01/19 02:50:00",532,0,10,78,0
"2026/01/19 02:55:00",526,0,9.9,78,0
"2026/01/19 03:00:00",530,0,9.9,78,0
"2026/01/19 03:05:00",535,0,10,78,0
"2026/01/19 03:10:00",524,0,9.9,78,0
"2026/01/19 03:15:00",530,0,9.9,77,0
"2026/01/19 03:20:00",525,0,9.8,77,0
"2026/01/19 03:25:00",526,0,9.9,78,0
"2026/01/19 03:30:00",529,0,10,78,0
"2026/01/19 03:35:00",521,0,9.9,78,0
"2026/01/19 03:40:00",521,0,9.8,78,0
"2026/01/19 03:45:00",526,0,9.8,77,0
"2026/01/19 03:50:00",523,0,9.7,78,0
"2026/01/19 03:55:00",527,0,9.6,79,0
"2026/01/19 04:00:00",520,0,9.4,79,0
"2026/01/19 04:05:00",526,0,9.4,80,0
"2026/01/19 04:10:00",523,0,9.4,80,0
"2026/01/19 04:15:00",529,0,9.5,79,0
"2026/01/19 04:20:00",524,0,9.4,79,0
"2026/01/19 04:25:00",523,0,9.2,79,0
"2026/01/19 04:30:00",526,0,9.2,80,0
"2026/01/19 04:35:00",531,0,9.2,80,0
"2026/01/19 04:40:00",533,0,9.3,81,0
"2026/01/19 04:45:00",532,0,9.3,81,0
"2026/01/19 04:50:00",529,0,9.4,81,0
"2026/01/19 04:55:00",532,0,9.6,81,0
"2026/01/19 05:00:00",530,0,9.6,81,0
"2026/01/19 05:05:00",527,0,9.6,82,0
"2026/01/19 05:10:00",535,0,9.6,83,0
"2026/01/19 05:15:00",528,0,9.7,83,0
"2026/01/19 05:20:00",537,0,9.7,83,0
"2026/01/19 05:25:00",533,0,9.8,83,0
"2026/01/19 05:30:00",533,0,9.8,83,0
"2026/01/19 05:35:00",539,0,9.7,83,0
"2026/01/19 05:40:00",544,0,9.8,83,0
"2026/01/19 05:45:00",533,0,9.7,83,0
"2026/01/19 05:50:00",531,0,9.7,83,0
"2026/01/19 05:55:00",545,0,9.8,83,0
"2026/01/19 06:00:00",560,0,9.8,82,0
"2026/01/19 06:05:00",579,0,9.9,83,0
"2026/01/19 06:10:00",619,0,10,84,0
"2026/01/19 06:15:00",667,0,10,84,0
"2026/01/19 06:20:00",721,0,9.6,84,0
"2026/01/19 06:25:00",730,0,9.2,85,0
"2026/01/19 06:30:00",741,0,9.7,83,0
"2026/01/19 06:35:00",766,0,10.7,80,0
"2026/01/19 06:40:00",787,0,10.1,82,0
"2026/01/19 06:45:00",804,0,9.5,85,0
"2026/01/19 06:50:00",808,0,8.9,86,0
"2026/01/19 06:55:00",817,0,9.3,83,0
"2026/01/19 07:00:00",818,0,10.8,78,0
"2026/01/19 07:05:00",815,0,11.5,76,0.001
"2026/01/19 07:10:00",815,0,12.1,75,0.001
"2026/01/19 07:15:00",810,0,12.8,73,0.002
"2026/01/19 07:20:00",808,0,13.2,71,0.003
"2026/01/19 07:25:00",808,0,12.4,74,0.004
"2026/01/19 07:30:00",791,0.01,11.5,79,0.005
"2026/01/19 07:35:00",793,0,12.5,76,0.006
"2026/01/19 07:40:00",792,0.01,12.9,75,0.008
"2026/01/19 07:45:00",788,0.01,12.2,78,0.01
"2026/01/19 07:50:00",796,0.01,12.3,79,0.012
"2026/01/19 07:55:00",813,0.01,12.3,79,0.014
"2026/01/19 08:00:00",806,0.01,12.6,78,0.016
"2026/01/19 08:05:00",797,0.01,12.9,78,0.018
"2026/01/19 08:10:00",785,0.01,13.2,77,0.021
"2026/01/19 08:15:00",788,0.01,13.7,76,0.024
"2026/01/19 08:20:00",787,0.01,14.2,75,0.027
"2026/01/19 08:25:00",785,0.01,14.9,74,0.03
"2026/01/19 08:30:00",795,0.01,15.3,74,0.033
"2026/01/19 08:35:00",811,0.01,15.7,74,0.037
"2026/01/19 08:40:00",804,0.01,17.9,68,0.041
"2026/01/19 08:45:00",791,0.01,19.7,64,0.044
"2026/01/19 08:50:00",778,0.02,19.5,66,0.048
"2026/01/19 08:55:00",764,0.02,19.1,70,0.053
"2026/01/19 09:00:00",763,0.01,19.6,70,0.058
"2026/01/19 09:05:00",778,0.02,19.6,72,0.063
"2026/01/19 09:10:00",787,0.02,19.8,72,0.069
"2026/01/19 09:15:00",790,0.02,19.7,74,0.074
"2026/01/19 09:20:00",793,0.02,19.9,74,0.08
"2026/01/19 09:25:00",780,0.02,20.9,73,0.087
"2026/01/19 09:30:00",759,0.02,21.9,72,0.094
"2026/01/19 09:35:00",736,0.03,22,69,0.101
"2026/01/19 09:40:00",726,0.02,23.2,67,0.11
"2026/01/19 09:45:00",672,0.01,20.6,65,0.116
"2026/01/19 09:50:00",668,0.02,21,67,0.122
"2026/01/19 09:55:00",678,0.03,21.2,70,0.128
"2026/01/19 10:00:00",709,0.03,22.7,69,0.136
"2026/01/19 10:05:00",737,0.02,23,70,0.144
"2026/01/19 10:10:00",771,0.04,23,72,0.153
"2026/01/19 10:15:00",771,0.02,21.8,69,0.161
"2026/01/19 10:20:00",722,0.02,21.8,72,0.169
"2026/01/19 10:25:00",709,0.03,22.2,73,0.176
"2026/01/19 10:30:00",709,0.03,22.6,73,0.185
"2026/01/19 10:35:00",716,0.03,22.9,74,0.194
"2026/01/19 10:40:00",746,0.03,23.3,74,0.202
"2026/01/19 10:45:00",774,0.03,23.5,71,0.21
"2026/01/19 10:50:00",777,0.03,24.2,69,0.219
"2026/01/19 10:55:00",726,0.02,23.1,62,0.227
"2026/01/19 11:00:00",662,0.03,24.2,62,0.235
"2026/01/19 11:05:00",635,0.02,21.8,61,0.242
"2026/01/19 11:10:00",604,0.02,23.9,59,0.25
"2026/01/19 11:15:00",587,0.03,20.4,61,0.257
"2026/01/19 11:20:00",586,0.03,24.2,66,0.267
"2026/01/19 11:25:00",594,0.02,22.8,70,0.276
"2026/01/19 11:30:00",644,0.02,22.5,76,0.282
"2026/01/19 11:35:00",677,0.03,21.9,82,0.289
"2026/01/19 11:40:00",733,0.03,22.2,82,0.298
"2026/01/19 11:45:00",765,0.04,22.3,82,0.308
"2026/01/19 11:50:00",799,0.03,24.3,81,0.319
"2026/01/19 11:55:00",729,0.03,22,71,0.329
"2026/01/19 12:00:00",648,0.03,23.5,68,0.339
"2026/01/19 12:05:00",608,0.04,22.7,64,0.351
"2026/01/19 12:10:00",569,0.05,20.9,54,0.364
"2026/01/19 12:15:00",553,0.06,23.2,60,0.379
"2026/01/19 12:20:00",551,0.11,21.9,55,0.407
"2026/01/19 12:25:00",546,0.17,23.4,57,0.451
"2026/01/19 12:30:00",551,0.07,21.9,58,0.487
"2026/01/19 12:35:00",552,0.04,25,58,0.5
"2026/01/19 12:40:00",562,0.08,22.3,57,0.528
"2026/01/19 12:45:00",558,0.16,23.1,58,0.553
"2026/01/19 12:50:00",549,0.1,21.7,56,0.59
"2026/01/19 12:55:00",549,0.06,22.2,56,0.615
"2026/01/19 13:00:00",546,0.05,23.3,57,0.63
"2026/01/19 13:05:00",554,0.04,24.1,58,0.644
"2026/01/19 13:10:00",553,0.04,21.9,55,0.656
"2026/01/19 13:15:00",548,0.04,22.7,54,0.669
"2026/01/19 13:20:00",541,0.04,23,56,0.682
"2026/01/19 13:25:00",541,0.04,23.6,55,0.694
"2026/01/19 13:30:00",559,0.04,24.1,57,0.705
"2026/01/19 13:35:00",556,0.04,23.6,55,0.716
"2026/01/19 13:40:00",546,0.04,21.3,51,0.728
"2026/01/19 13:45:00",535,0.04,21,51,0.74
"2026/01/19 13:50:00",524,0.04,21.1,50,0.752
"2026/01/19 13:55:00",519,0.05,21,53,0.767
"2026/01/19 14:00:00",529,0.04,20.9,53,0.779
"2026/01/19 14:05:00",540,0.03,22.4,53,0.789
"2026/01/19 14:10:00",539,0.03,21.9,55,0.797
"2026/01/19 14:15:00",562,0.03,21.1,53,0.805
"2026/01/19 14:20:00",558,0.03,21.6,55,0.813
"2026/01/19 14:25:00",575,0.03,21.2,54,0.821
"2026/01/19 14:30:00",566,0.03,21.7,56,0.828
"2026/01/19 14:35:00",586,0.03,20.8,54,0.837
"2026/01/19 14:40:00",569,0.03,22.2,56,0.846
"2026/01/19 14:45:00",547,0.02,20.6,53,0.853
"2026/01/19 14:50:00",527,0.02,21.8,56,0.859
"2026/01/19 14:55:00",517,0.02,22.9,60,0.866
"2026/01/19 15:00:00",502,0.02,22.2,61,0.873
"2026/01/19 15:05:00",503,0.02,19.8,54,0.878
"2026/01/19 15:10:00",497,0.02,19.7,54,0.883
"2026/01/19 15:15:00",494,0.02,20.2,56,0.889
"2026/01/19 15:20:00",487,0.02,20.4,58,0.895
"2026/01/19 15:25:00",492,0.02,19.9,60,0.901
"2026/01/19 15:30:00",485,0.02,20.5,62,0.906
"2026/01/19 15:35:00",487,0.01,20.2,65,0.91
"2026/01/19 15:40:00",479,0.01,20.4,67,0.913
"2026/01/19 15:45:00",471,0.01,20.2,70,0.917
"2026/01/19 15:50:00",473,0.01,19.9,71,0.919
"2026/01/19 15:55:00",462,0.01,19.7,73,0.922
"2026/01/19 16:00:00",458,0.01,19.3,74,0.924
"2026/01/19 16:05:00",460,0.01,19,76,0.926
"2026/01/19 16:10:00",464,0.01,18.6,77,0.928
"2026/01/19 16:15:00",460,0.01,18.2,78,0.93
"2026/01/19 16:20:00",473,0,17.9,79,0.932
"2026/01/19 16:25:00",467,0,17.4,80,0.933
"2026/01/19 16:30:00",469,0,17,80,0.934
"2026/01/19 16:35:00",474,0,16.5,81,0.935
"2026/01/19 16:40:00",473,0,16.1,82,0.935
"2026/01/19 16:45:00",476,0,15.7,82,0.936
"2026/01/19 16:50:00",483,0,15.4,83,0.936
"2026/01/19 16:55:00",486,0,14.9,83,0.937
"2026/01/19 17:00:00",489,0,14.7,84,0.937
"2026/01/19 17:05:00",486,0,13.7,81,0.937
"2026/01/19 17:10:00",489,0,13.9,79,0.937
"2026/01/19 17:15:00",499,0,13.8,81,0.937
"2026/01/19 17:20:00",499,0,14,81,0.937
"2026/01/19 17:25:00",502,0,14,82,0.937
"2026/01/19 17:30:00",510,0,14,83,0.937
"2026/01/19 17:35:00",512,0,13.8,83,0.937
"2026/01/19 17:40:00",522,0,13.7,84,0.937
"2026/01/19 17:45:00",518,0,13.6,84,0.937
"2026/01/19 17:50:00",520,0,13.4,84,0.937
"2026/01/19 17:55:00",524,0,13.2,84,0.937
"2026/01/19 18:00:00",522,0,13.3,85,0.937
"2026/01/19 18:05:00",526,0,13.2,84,0.937
"2026/01/19 18:10:00",535,0,12.8,85,0.937
"2026/01/19 18:15:00",538,0,12.7,85,0.937
"2026/01/19 18:20:00",536,0,12.6,85,0.937
"2026/01/19 18:25:00",534,0,12.5,86,0.937
"2026/01/19 18:30:00",544,0,12.5,86,0.937
"2026/01/19 18:35:00",541,0,12.4,86,0.937
"2026/01/19 18:40:00",546,0,12.3,85,0.937
"2026/01/19 18:45:00",550,0,12.2,86,0.937
"2026/01/19 18:50:00",547,0,12.1,86,0.937
"2026/01/19 18:55:00",558,0,12.3,86,0.937
"2026/01/19 19:00:00",555,0,12.1,86,0.937
"2026/01/19 19:05:00",569,0,11.9,86,0.937
"2026/01/19 19:10:00",558,0,12.1,86,0.937
"2026/01/19 19:15:00",560,0,12.1,86,0.937
"2026/01/19 19:20:00",566,0,12.1,86,0.937
"2026/01/19 19:25:00",571,0,12.1,86,0.937
"2026/01/19 19:30:00",570,0,12.1,87,0.937
"2026/01/19 19:35:00",566,0,11.9,87,0.937
"2026/01/19 19:40:00",565,0,11.9,87,0.937
"2026/01/19 19:45:00",574,0,11.8,88,0.937
"2026/01/19 19:50:00",571,0,11.8,87,0.937
"2026/01/19 19:55:00",573,0,11.7,88,0.937
"2026/01/19 20:00:00",569,0,11.7,88,0.937
"2026/01/19 20:05:00",587,0,11.7,88,0.937
"2026/01/19 20:10:00",571,0,11.6,87,0.937
"2026/01/19 20:15:00",577,0,11.5,87,0.937
"2026/01/19 20:20:00",578,0,10.8,86,0.937
"2026/01/19 20:25:00",579,0,10.2,87,0.937
"2026/01/19 20:30:00",578,0,9.9,87,0.937
"2026/01/19 20:35:00",573,0,9.7,87,0.937
"2026/01/19 20:40:00",594,0,9.1,88,0.937
"2026/01/19 20:45:00",587,0,10.7,84,0.937
"2026/01/19 20:50:00",585,0,11,82,0.937
"2026/01/19 20:55:00",596,0,10.1,85,0.937
"2026/01/19 21:00:00",594,0,10,86,0.937
"2026/01/19 21:05:00",601,0,9.7,86,0.937
"2026/01/19 21:10:00",600,0,9.3,87,0.937
"2026/01/19 21:15:00",601,0,9.1,87,0.937
"2026/01/19 21:20:00",602,0,8.9,87,0.937
"2026/01/19 21:25:00",601,0,8.8,87,0.937
"2026/01/19 21:30:00",603,0,9.3,86,0.937
"2026/01/19 21:35:00",599,0,8.8,87,0.937
"2026/01/19 21:40:00",603,0,8.8,87,0.937
"2026/01/19 21:45:00",609,0,8.5,87,0.937
"2026/01/19 21:50:00",608,0,8.8,87,0.937
"2026/01/19 21:55:00",603,0,8.8,87,0.937
"2026/01/19 22:00:00",606,0,8.8,87,0.937
"2026/01/19 22:05:00",608,0,8.5,87,0.937
"2026/01/19 22:10:00",612,0,8.5,88,0.937
"2026/01/19 22:15:00",616,0,8.5,87,0.937
"2026/01/19 22:20:00",613,0,8.4,87,0.937
"2026/01/19 22:25:00",610,0,8.3,87,0.937
"2026/01/19 22:30:00",615,0,8.3,87,0.937
"2026/01/19 22:35:00",612,0,8.4,87,0.937
"2026/01/19 22:40:00",619,0,8.2,87,0.937
"2026/01/19 22:45:00",619,0,8.1,87,0.937
"2026/01/19 22:50:00",620,0,8.1,87,0.937
"2026/01/19 22:55:00",618,0,8,87,0.937
"2026/01/19 23:00:00",620,0,7.9,87,0.937
"2026/01/19 23:05:00",619,0,7.9,87,0.937
"2026/01/19 23:10:00",621,0,7.8,87,0.937
"2026/01/19 23:15:00",627,0,7.9,87,0.937
"2026/01/19 23:20:00",631,0,7.9,87,0.937
"2026/01/19 23:25:00",622,0,7.5,87,0.937
"2026/01/19 23:30:00",625,0,7.6,88,0.937
"2026/01/19 23:35:00",631,0,7.8,87,0.937
"2026/01/19 23:40:00",639,0,7.6,87,0.937
"2026/01/19 23:45:00",624,0,7.9,86,0.937
"2026/01/19 23:50:00",630,0,7.9,87,0.937
"2026/01/19 23:55:00",639,0,7.8,88,0.937
"2026/01/20 00:00:00",632,0,8.1,88,0.937
"2026/01/20 00:05:00",639,0,7.8,88,0
"2026/01/20 00:10:00",635,0,8.2,88,0
"2026/01/20 00:15:00",630,0,8.1,88,0
"2026/01/20 00:20:00",636,0,8,88,0
"2026/01/20 00:25:00",643,0,7.5,88,0
"2026/01/20 00:30:00",630,0,7.5,89,0
"2026/01/20 00:35:00",628,0,7.7,87,0
"2026/01/20 00:40:00",632,0,7.8,87,0
"2026/01/20 00:45:00",636,0,7.4,88,0
"2026/01/20 00:50:00",636,0,7.1,88,0
"2026/01/20 00:55:00",639,0,7.2,87,0
"2026/01/20 01:00:00",631,0,7.1,88,0
"2026/01/20 01:05:00",640,0,7.2,87,0
"2026/01/20 01:10:00",642,0,7.3,87,0
"2026/01/20 01:15:00",638,0,7.4,87,0
"2026/01/20 01:20:00",640,0,7,87,0
"2026/01/20 01:25:00",636,0,7,87,0
"2026/01/20 01:30:00",635,0,7,87,0
"2026/01/20 01:35:00",638,0,7,87,0
"2026/01/20 01:40:00",635,0,6.6,88,0
"2026/01/20 01:45:00",638,0,6.6,88,0
"2026/01/20 01:50:00",644,0,6.5,88,0
"2026/01/20 01:55:00",639,0,6.8,87,0
"2026/01/20 02:00:00",641,0,6.7,87,0
"2026/01/20 02:05:00",639,0,6.4,87,0
"2026/01/20 02:10:00",636,0,6.5,87,0
"2026/01/20 02:15:00",639,0,6.1,88,0
"2026/01/20 02:20:00",641,0,6.3,88,0
"2026/01/20 02:25:00",635,0,6.2,87,0
"2026/01/20 02:30:00",644,0,6.3,87,0
"2026/01/20 02:35:00",647,0,6.2,87,0
"2026/01/20 02:40:00",645,0,6,87,0
"2026/01/20 02:45:00",635,0,5.9,88,0
"2026/01/20 02:50:00",648,0,6.2,87,0
"2026/01/20 02:55:00",642,0,6.1,87,0
"2026/01/20 03:00:00",638,0,6.2,87,0
"2026/01/20 03:05:00",653,0,6.2,86,0
"2026/01/20 03:10:00",639,0,5.7,87,0
"2026/01/20 03:15:00",642,0,5.7,87,0
"2026/01/20 03:20:00",651,0,5.6,87,0
"2026/01/20 03:25:00",642,0,6.1,86,0
"2026/01/20 03:30:00",652,0,7.4,82,0
"2026/01/20 03:35:00",647,0,6.9,84,0
"2026/01/20 03:40:00",644,0,6.9,85,0
"2026/01/20 03:45:00",643,0,6.5,86,0
"2026/01/20 03:50:00",647,0,6.3,86,0
"2026/01/20 03:55:00",650,0,5.9,87,0
"2026/01/20 04:00:00",644,0,5.9,87,0
"2026/01/20 04:05:00",645,0,5.2,88,0
"2026/01/20 04:10:00",649,0,5.3,87,0
"2026/01/20 04:15:00",643,0,7,82,0
"2026/01/20 04:20:00",644,0,7,82,0
"2026/01/20 04:25:00",650,0,6.6,85,0
"2026/01/20 04:30:00",651,0,6.2,86,0
"2026/01/20 04:35:00",653,0,5.9,86,0
"2026/01/20 04:40:00",647,0,5.8,86,0
"2026/01/20 04:45:00",651,0,5.5,87,0
"2026/01/20 04:50:00",647,0,5.3,87,0
"2026/01/20 04:55:00",652,0,5.6,86,0
"2026/01/20 05:00:00",650,0,7.1,81,0
"2026/01/20 05:05:00",653,0,7,82,0
"2026/01/20 05:10:00",654,0,6.3,85,0
"2026/01/20 05:15:00",656,0,6.1,85,0
"2026/01/20 05:20:00",654,0,5.9,86,0
"2026/01/20 05:25:00",661,0,5.5,86,0
"2026/01/20 05:30:00",659,0,5.6,86,0
"2026/01/20 05:35:00",645,0,6.9,81,0
"2026/01/20 05:40:00",657,0,7.2,81,0
"2026/01/20 05:45:00",658,0,6.5,84,0
"2026/01/20 05:50:00",661,0,6.4,85,0
"2026/01/20 05:55:00",658,0,6.4,86,0
"2026/01/20 06:00:00",657,0,8.1,81,0
"2026/01/20 06:05:00",681,0,9.6,78,0
"2026/01/20 06:10:00",698,0,10.3,76,0
"2026/01/20 06:15:00",726,0,10.7,76,0
"2026/01/20 06:20:00",766,0,9.5,81,0
"2026/01/20 06:25:00",791,0,8.9,84,0
"2026/01/20 06:30:00",809,0,10,80,0
"2026/01/20 06:35:00",803,0,10.9,77,0
"2026/01/20 06:40:00",792,0,10.1,80,0
"2026/01/20 06:45:00",781,0,8.9,84,0
"2026/01/20 06:50:00",768,0,9.3,83,0
"2026/01/20 06:55:00",770,0,10.7,78,0
"2026/01/20 07:00:00",781,0,10.4,79,0.001
"2026/01/20 07:05:00",788,0,9.9,81,0.001
"2026/01/20 07:10:00",783,0,10.9,77,0.002
"2026/01/20 07:15:00",772,0,11.8,74,0.002
"2026/01/20 07:20:00",768,0,12.4,73,0.003
"2026/01/20 07:25:00",758,0,13,71,0.004
"2026/01/20 07:30:00",760,0,13.2,71,0.005
"2026/01/20 07:35:00",773,0.01,11.8,76,0.007
"2026/01/20 07:40:00",780,0.01,11.1,79,0.008
"2026/01/20 07:45:00",770,0.01,11.7,77,0.01
"2026/01/20 07:50:00",755,0.01,12.9,72,0.012
"2026/01/20 07:55:00",741,0.01,12.3,76,0.014
"2026/01/20 08:00:00",728,0.01,12.2,77,0.016
"2026/01/20 08:05:00",721,0.01,12.2,77,0.019
"2026/01/20 08:10:00",745,0.01,12.5,77,0.021
"2026/01/20 08:15:00",757,0.01,12.9,76,0.024
"2026/01/20 08:20:00",743,0.01,13.3,76,0.027
"2026/01/20 08:25:00",736,0.01,13.9,74,0.03
"2026/01/20 08:30:00",734,0.01,14.4,74,0.034
"2026/01/20 08:35:00",732,0.01,14.5,73,0.037
"2026/01/20 08:40:00",742,0.01,16.5,69,0.041
"2026/01/20 08:45:00",750,0.01,17.5,66,0.045
"2026/01/20 08:50:00",753,0.01,17.8,64,0.048
"2026/01/20 08:55:00",769,0.02,17.5,65,0.052
"2026/01/20 09:00:00",782,0.02,18.6,64,0.058
"2026/01/20 09:05:00",773,0.02,19.2,63,0.063
"2026/01/20 09:10:00",766,0.02,19.3,63,0.069
"2026/01/20 09:15:00",741,0.02,19.3,64,0.075
"2026/01/20 09:20:00",724,0.01,19.6,63,0.08
"2026/01/20 09:25:00",707,0.01,17.9,68,0.084
"2026/01/20 09:30:00",713,0.02,19.4,66,0.089
"2026/01/20 09:35:00",712,0.02,18.5,69,0.094
"2026/01/20 09:40:00",730,0.02,17.7,71,0.099
"2026/01/20 09:45:00",745,0.02,19.6,66,0.105
"2026/01/20 09:50:00",750,0.02,20.5,65,0.112
"2026/01/20 09:55:00",749,0.02,20.8,67,0.118
"2026/01/20 10:00:00",765,0.02,20.8,67,0.125
"2026/01/20 10:05:00",760,0.02,21.4,67,0.132
"2026/01/20 10:10:00",751,0.03,21.9,67,0.139
"2026/01/20 10:15:00",718,0.02,22,64,0.146
"2026/01/20 10:20:00",682,0.03,21.7,62,0.154
"2026/01/20 10:25:00",613,0.03,21.1,56,0.162
"2026/01/20 10:30:00",597,0.03,22.2,58,0.171
"2026/01/20 10:35:00",589,0.05,22.6,59,0.182
"2026/01/20 10:40:00",575,0.05,22.7,55,0.197
"2026/01/20 10:45:00",541,0.05,20.5,48,0.211
"2026/01/20 10:50:00",534,0.04,22.5,53,0.223
"2026/01/20 10:55:00",539,0.04,22.2,58,0.234
"2026/01/20 11:00:00",558,0.04,22.3,62,0.247
"2026/01/20 11:05:00",573,0.04,22.8,60,0.26
"2026/01/20 11:10:00",585,0.05,22.1,65,0.272
"2026/01/20 11:15:00",596,0.03,21.7,67,0.282
"2026/01/20 11:20:00",624,0.03,21,69,0.29
"2026/01/20 11:25:00",638,0.02,20.1,72,0.296
"2026/01/20 11:30:00",663,0.01,19,72,0.303
"2026/01/20 11:35:00",678,0.02,18.7,72,0.307
"2026/01/20 11:40:00",709,0.02,19.5,68,0.312
"2026/01/20 11:45:00",721,0.02,20.1,66,0.317
"2026/01/20 11:50:00",758,0.02,20.5,65,0.323
"2026/01/20 11:55:00",774,0.02,19.4,69,0.33
"2026/01/20 12:00:00",765,0.02,18.8,71,0.336
"2026/01/20 12:05:00",762,0.02,19.9,68,0.343
"2026/01/20 12:10:00",738,0.02,19.7,68,0.349
"2026/01/20 12:15:00",727,0.02,19,71,0.355
"2026/01/20 12:20:00",726,0.02,19.1,70,0.361
"2026/01/20 12:25:00",747,0.02,20.2,68,0.368
"2026/01/20 12:30:00",754,0.03,19.8,68,0.375
"2026/01/20 12:35:00",773,0.03,19.2,71,0.383
"2026/01/20 12:40:00",781,0.02,18.2,72,0.39
"2026/01/20 12:45:00",771,0.02,19.1,69,0.395
"2026/01/20 12:50:00",747,0.03,19.9,67,0.403
"2026/01/20 12:55:00",739,0.02,19.4,67,0.409
"2026/01/20 13:00:00",725,0.02,18.6,69,0.414
"2026/01/20 13:05:00",730,0.02,19.6,67,0.42
"2026/01/20 13:10:00",746,0.02,18.7,69,0.425
"2026/01/20 13:15:00",757,0.03,17.7,71,0.431
"2026/01/20 13:20:00",772,0.02,18.8,67,0.438
"2026/01/20 13:25:00",761,0.02,19.7,65,0.445
"2026/01/20 13:30:00",740,0.01,18.6,68,0.449
"2026/01/20 13:35:00",747,0.01,17.5,72,0.451
"2026/01/20 13:40:00",750,0.01,17.9,69,0.453
"2026/01/20 13:45:00",768,0.01,18.3,67,0.456
"2026/01/20 13:50:00",775,0.01,18.6,66,0.459
"2026/01/20 13:55:00",779,0.01,18.7,65,0.461
"2026/01/20 14:00:00",767,0.01,18.4,66,0.463
"2026/01/20 14:05:00",759,0.01,18.4,65,0.466
"2026/01/20 14:10:00",738,0.01,18.1,65,0.468
"2026/01/20 14:15:00",747,0.01,18.3,65,0.471
"2026/01/20 14:20:00",755,0.01,18.2,65,0.474
"2026/01/20 14:25:00",773,0.01,18.2,65,0.476
"2026/01/20 14:30:00",798,0.01,18.3,65,0.479
"2026/01/20 14:35:00",796,0.01,18.2,64,0.481
"2026/01/20 14:40:00",767,0.01,18.2,65,0.483
"2026/01/20 14:45:00",762,0.01,18.1,65,0.485
"2026/01/20 14:50:00",740,0.01,18,65,0.487
"2026/01/20 14:55:00",724,0.01,17.8,65,0.489
"2026/01/20 15:00:00",704,0.01,17.5,65,0.491
"2026/01/20 15:05:00",686,0.01,16.9,65,0.493
"2026/01/20 15:10:00",658,0.01,15.5,70,0.494
"2026/01/20 15:15:00",642,0.01,14.5,73,0.496
"2026/01/20 15:20:00",626,0.01,14.2,74,0.498
"2026/01/20 15:25:00",617,0.01,13.4,74,0.5
"2026/01/20 15:30:00",604,0.01,12.6,75,0.502
"2026/01/20 15:35:00",585,0,12.6,75,0.503
"2026/01/20 15:40:00",577,0,12.5,75,0.505
"2026/01/20 15:45:00",568,0,12.2,77,0.506
"2026/01/20 15:50:00",563,0,12.3,75,0.507
"2026/01/20 15:55:00",555,0,12.2,76,0.508
"2026/01/20 16:00:00",550,0,11.5,77,0.509
"2026/01/20 16:05:00",554,0,11.5,76,0.509
"2026/01/20 16:10:00",543,0,11.3,76,0.51
"2026/01/20 16:15:00",538,0,10.8,76,0.511
"2026/01/20 16:20:00",532,0,10.7,77,0.512
"2026/01/20 16:25:00",534,0,10.8,76,0.512
"2026/01/20 16:30:00",526,0,10.7,76,0.513
"2026/01/20 16:35:00",521,0,10.4,76,0.513
"2026/01/20 16:40:00",525,0,10.3,76,0.513
"2026/01/20 16:45:00",521,0,10.3,75,0.514
"2026/01/20 16:50:00",528,0,10.2,76,0.514
"2026/01/20 16:55:00",517,0,10.5,76,0.514
"2026/01/20 17:00:00",520,0,10.8,78,0.514
"2026/01/20 17:05:00",517,0,10.9,79,0.514
"2026/01/20 17:10:00",521,0,10.9,79,0.514
"2026/01/20 17:15:00",518,0,11,79,0.514
"2026/01/20 17:20:00",518,0,10.9,80,0.514
"2026/01/20 17:25:00",518,0,10.8,80,0.514
"2026/01/20 17:30:00",522,0,10.8,81,0.514
"2026/01/20 17:35:00",520,0,10.7,80,0.514
"2026/01/20 17:40:00",521,0,10.6,81,0.514
"2026/01/20 17:45:00",524,0,10.5,81,0.514
"2026/01/20 17:50:00",525,0,10.4,81,0.514
"2026/01/20 17:55:00",520,0,10.3,81,0.514
"2026/01/20 18:00:00",523,0,10.1,81,0.514
"2026/01/20 18:05:00",519,0,10.1,81,0.514
"2026/01/20 18:10:00",519,0,10,80,0.514
"2026/01/20 18:15:00",521,0,9.8,81,0.514
"2026/01/20 18:20:00",515,0,9.7,81,0.514
"2026/01/20 18:25:00",511,0,9.6,81,0.514
"2026/01/20 18:30:00",522,0,9.6,81,0.514
"2026/01/20 18:35:00",520,0,9.5,81,0.514
"2026/01/20 18:40:00",516,0,9.5,81,0.514
"2026/01/20 18:45:00",516,0,10.5,77,0.514
"2026/01/20 18:50:00",524,0,11.5,73,0.514
"2026/01/20 18:55:00",519,0,10.8,76,0.514
"2026/01/20 19:00:00",527,0,10.2,78,0.514
"2026/01/20 19:05:00",516,0,10,79,0.514
"2026/01/20 19:10:00",522,0,10,80,0.514
"2026/01/20 19:15:00",516,0,9.8,80,0.514
"2026/01/20 19:20:00",519,0,9.8,81,0.514
"2026/01/20 19:25:00",515,0,9.8,81,0.514
"2026/01/20 19:30:00",521,0,9.7,80,0.514
"2026/01/20 19:35:00",516,0,9.7,81,0.514
"2026/01/20 19:40:00",520,0,9.7,80,0.514
"2026/01/20 19:45:00",512,0,9.5,81,0.514
"2026/01/20 19:50:00",528,0,9.5,81,0.514
"2026/01/20 19:55:00",524,0,9.5,81,0.514
"2026/01/20 20:00:00",520,0,10.6,77,0.514
"2026/01/20 20:05:00",519,0,11.4,74,0.514
"2026/01/20 20:10:00",522,0,10.8,76,0.514
"2026/01/20 20:15:00",518,0,10.1,79,0.514
"2026/01/20 20:20:00",519,0,9.8,80,0.514
"2026/01/20 20:25:00",517,0,9.6,81,0.514
"2026/01/20 20:30:00",521,0,9.5,81,0.514
"2026/01/20 20:35:00",520,0,10.1,78,0.514
"2026/01/20 20:40:00",523,0,11.3,74,0.514
"2026/01/20 20:45:00",524,0,11.1,75,0.514
"2026/01/20 20:50:00",519,0,10.2,79,0.514
"2026/01/20 20:55:00",521,0,9.8,80,0.514
"2026/01/20 21:00:00",519,0,9.6,81,0.514
"2026/01/20 21:05:00",518,0,9.4,81,0.514
"2026/01/20 21:10:00",514,0,9.3,81,0.514
"2026/01/20 21:15:00",518,0,9.4,80,0.514
"2026/01/20 21:20:00",518,0,9.2,79,0.514
"2026/01/20 21:25:00",521,0,9.2,78,0.514
"2026/01/20 21:30:00",506,0,9.1,77,0.514
"2026/01/20 21:35:00",509,0,9.1,76,0.514
"2026/01/20 21:40:00",504,0,9,75,0.514
"2026/01/20 21:45:00",505,0,8.9,75,0.514
"2026/01/20 21:50:00",503,0,8.9,75,0.514
"2026/01/20 21:55:00",505,0,8.9,74,0.514
"2026/01/20 22:00:00",506,0,8.8,74,0.514
"2026/01/20 22:05:00",508,0,8.8,75,0.514
"2026/01/20 22:10:00",506,0,8.8,76,0.514
"2026/01/20 22:15:00",503,0,8.8,76,0.514
"2026/01/20 22:20:00",507,0,8.8,77,0.514
"2026/01/20 22:25:00",500,0,8.7,77,0.514
"2026/01/20 22:30:00",493,0,8.7,77,0.514
"2026/01/20 22:35:00",504,0,8.7,78,0.514
"2026/01/20 22:40:00",508,0,8.7,78,0.514
"2026/01/20 22:45:00",497,0,8.7,79,0.514
"2026/01/20 22:50:00",512,0,8.7,79,0.514
"2026/01/20 22:55:00",516,0,8.6,79,0.514
"2026/01/20 23:00:00",506,0,8.7,80,0.514
"2026/01/20 23:05:00",506,0,8.6,79,0.514
"2026/01/20 23:10:00",508,0,8.7,79,0.514
"2026/01/20 23:15:00",509,0,8.6,80,0.514
"2026/01/20 23:20:00",512,0,8.6,80,0.514
"2026/01/20 23:25:00",505,0,8.6,80,0.514
"2026/01/20 23:30:00",507,0,8.6,80,0.514
"2026/01/20 23:35:00",511,0,8.5,80,0.514
"2026/01/20 23:40:00",507,0,8.5,81,0.514
"2026/01/20 23:45:00",506,0,8.5,81,0.514
"2026/01/20 23:50:00",504,0,8.4,80,0.514
"2026/01/20 23:55:00",500,0,8.4,81,0.514
"2026/01/21 00:00:00",512,0,8.4,80,0.514
"2026/01/21 00:05:00",503,0,8.4,81,0
"2026/01/21 00:10:00",505,0,8.4,81,0
"2026/01/21 00:15:00",500,0,8.3,81,0
"2026/01/21 00:20:00",510,0,8.3,81,0
"2026/01/21 00:25:00",505,0,8.4,81,0
"2026/01/21 00:30:00",512,0,8.3,81,0
"2026/01/21 00:35:00",505,0,8.4,81,0
"2026/01/21 00:40:00",509,0,8.2,81,0
"2026/01/21 00:45:00",507,0,8.2,81,0
"2026/01/21 00:50:00",516,0,8.2,81,0
"2026/01/21 00:55:00",506,0,8.2,80,0
"2026/01/21 01:00:00",502,0,8.1,81,0
"2026/01/21 01:05:00",503,0,8.2,81,0
"2026/01/21 01:10:00",500,0,8.2,81,0
"2026/01/21 01:15:00",503,0,8.1,81,0
"2026/01/21 01:20:00",509,0,8.2,80,0
"2026/01/21 01:25:00",496,0,8.1,81,0
"2026/01/21 01:30:00",507,0,8.1,81,0
"2026/01/21 01:35:00",508,0,8.1,81,0
"2026/01/21 01:40:00",505,0,8.1,81,0
"2026/01/21 01:45:00",503,0,8,81,0
"2026/01/21 01:50:00",510,0,8.1,81,0
"2026/01/21 01:55:00",510,0,8,81,0
"2026/01/21 02:00:00",504,0,8,81,0
"2026/01/21 02:05:00",506,0,8,81,0
"2026/01/21 02:10:00",510,0,8,81,0
"2026/01/21 02:15:00",508,0,7.9,81,0
"2026/01/21 02:20:00",495,0,7.9,81,0
"2026/01/21 02:25:00",499,0,8.1,81,0
"2026/01/21 02:30:00",510,0,8,81,0
"2026/01/21 02:35:00",503,0,8,81,0
"2026/01/21 02:40:00",507,0,8,81,0
"2026/01/21 02:45:00",505,0,7.9,81,0
"2026/01/21 02:50:00",502,0,7.9,81,0
"2026/01/21 02:55:00",500,0,7.8,81,0
"2026/01/21 03:00:00",505,0,7.8,81,0
"2026/01/21 03:05:00",503,0,7.9,82,0
"2026/01/21 03:10:00",499,0,7.8,81,0
"2026/01/21 03:15:00",506,0,7.8,82,0
"2026/01/21 03:20:00",505,0,7.9,82,0
"2026/01/21 03:25:00",502,0,7.8,81,0
"2026/01/21 03:30:00",512,0,7.8,82,0
"2026/01/21 03:35:00",508,0,7.8,82,0
"2026/01/21 03:40:00",505,0,7.9,82,0
"2026/01/21 03:45:00",496,0,7.8,83,0
"2026/01/21 03:50:00",506,0,7.9,82,0
"2026/01/21 03:55:00",509,0,7.8,82,0
"2026/01/21 04:00:00",507,0,7.9,82,0
"2026/01/21 04:05:00",505,0,7.8,82,0
"2026/01/21 04:10:00",502,0,7.8,82,0
"2026/01/21 04:15:00",502,0,7.8,83,0
"2026/01/21 04:20:00",506,0,7.8,83,0
"2026/01/21 04:25:00",506,0,7.7,83,0
"2026/01/21 04:30:00",498,0,7.8,83,0
"2026/01/21 04:35:00",501,0,7.7,83,0
"2026/01/21 04:40:00",509,0,7.7,84,0
"2026/01/21 04:45:00",505,0,7.7,83,0
"2026/01/21 04:50:00",504,0,7.8,84,0
"2026/01/21 04:55:00",506,0,7.7,84,0
"2026/01/21 05:00:00",510,0,7.7,83,0
"2026/01/21 05:05:00",511,0,7.7,84,0
"2026/01/21 05:10:00",512,0,7.7,84,0
"2026/01/21 05:15:00",504,0,7.6,84,0
"2026/01/21 05:20:00",516,0,7.7,84,0
"2026/01/21 05:25:00",499,0,7.7,84,0
"2026/01/21 05:30:00",511,0,7.6,85,0
"2026/01/21 05:35:00",508,0,7.7,85,0
"2026/01/21 05:40:00",516,0,7.6,85,0
"2026/01/21 05:45:00",509,0,7.6,85,0
"2026/01/21 05:50:00",509,0,7.7,85,0
"2026/01/21 05:55:00",514,0,7.7,85,0
"2026/01/21 06:00:00",539,0,10.4,75,0
"2026/01/21 06:05:00",562,0,10.9,73,0
"2026/01/21 06:10:00",610,0,10.4,77,0
"2026/01/21 06:15:00",642,0,9.3,82,0
"2026/01/21 06:20:00",695,0,9,82,0
"2026/01/21 06:25:00",726,0,9.3,78,0
"2026/01/21 06:30:00",750,0,9.8,75,0
"2026/01/21 06:35:00",762,0,9.8,77,0
"2026/01/21 06:40:00",763,0,9.5,78,0
"2026/01/21 06:45:00",756,0,8.8,80,0
"2026/01/21 06:50:00",770,0,9.1,78,0
"2026/01/21 06:55:00",778,0,9.8,77,0
"2026/01/21 07:00:00",789,0,9.9,78,0
"2026/01/21 07:05:00",788,0,9.5,78,0
"2026/01/21 07:10:00",799,0,9.6,77,0
"2026/01/21 07:15:00",797,0,10.1,75,0
"2026/01/21 07:20:00",785,0,11,70,0
"2026/01/21 07:25:00",773,0,11.2,70,0.001
"2026/01/21 07:30:00",759,0,11.5,68,0.001
"2026/01/21 07:35:00",761,0,11.6,69,0.001
"2026/01/21 07:40:00",766,0,11.8,68,0.001
"2026/01/21 07:45:00",779,0,12,68,0.002
"2026/01/21 07:50:00",794,0,12.3,68,0.003
"2026/01/21 07:55:00",793,0.01,12.6,68,0.004
"2026/01/21 08:00:00",780,0.01,12.9,67,0.006
"2026/01/21 08:05:00",766,0.01,12.8,68,0.008
"2026/01/21 08:10:00",762,0,11.4,73,0.01
"2026/01/21 08:15:00",745,0,11.2,73,0.011
"2026/01/21 08:20:00",752,0,12.1,70,0.012
"2026/01/21 08:25:00",773,0,12.3,69,0.013
"2026/01/21 08:30:00",777,0,12.6,68,0.014
"2026/01/21 08:35:00",777,0.01,12.8,68,0.016
"2026/01/21 08:40:00",771,0.01,13.3,67,0.018
"2026/01/21 08:45:00",762,0.01,13.8,66,0.022
"2026/01/21 08:50:00",751,0.01,14.1,66,0.025
"2026/01/21 08:55:00",739,0.01,14.5,66,0.029
"2026/01/21 09:00:00",739,0.01,15,65,0.033
"2026/01/21 09:05:00",738,0.01,15.4,65,0.037
"2026/01/21 09:10:00",752,0.02,15.9,64,0.042
"2026/01/21 09:15:00",761,0.02,16.2,64,0.047
"2026/01/21 09:20:00",745,0.02,16.9,63,0.053
"2026/01/21 09:25:00",747,0.02,17.5,62,0.059
"2026/01/21 09:30:00",730,0.02,17.9,63,0.065
"2026/01/21 09:35:00",724,0.02,18.3,62,0.071
"2026/01/21 09:40:00",727,0.02,18.9,62,0.079
"2026/01/21 09:45:00",736,0.03,19.2,63,0.086
"2026/01/21 09:50:00",757,0.02,19.6,62,0.093
"2026/01/21 09:55:00",764,0.02,19.5,64,0.098
"2026/01/21 10:00:00",759,0.02,19.2,64,0.104
"2026/01/21 10:05:00",737,0.02,19.5,63,0.11
"2026/01/21 10:10:00",727,0.02,19.6,63,0.117
"2026/01/21 10:15:00",721,0.03,20.1,62,0.124
"2026/01/21 10:20:00",725,0.02,19.2,66,0.131
"2026/01/21 10:25:00",728,0.03,18,70,0.138
"2026/01/21 10:30:00",725,0.03,19.5,66,0.147
"2026/01/21 10:35:00",718,0.03,19.8,68,0.156
"2026/01/21 10:40:00",711,0.03,20.1,69,0.165
"2026/01/21 10:45:00",729,0.03,19.6,69,0.174
"2026/01/21 10:50:00",734,0.03,19.2,71,0.183
"2026/01/21 10:55:00",753,0.04,18.9,72,0.193
"2026/01/21 11:00:00",751,0.04,20.1,71,0.205
"2026/01/21 11:05:00",732,0.04,21.2,69,0.218
"2026/01/21 11:10:00",721,0.03,21.5,70,0.229
"2026/01/21 11:15:00",710,0.03,20.6,71,0.238
"2026/01/21 11:20:00",715,0.03,20.3,72,0.247
"2026/01/21 11:25:00",726,0.03,20.2,72,0.255
"2026/01/21 11:30:00",737,0.03,19.7,73,0.264
"2026/01/21 11:35:00",747,0.03,20,73,0.275
"2026/01/21 11:40:00",742,0.02,19.7,73,0.282
"2026/01/21 11:45:00",722,0.02,18.6,74,0.287
"2026/01/21 11:50:00",712,0.03,19,73,0.296
"2026/01/21 11:55:00",717,0.02,20.7,68,0.303
"2026/01/21 12:00:00",727,0.02,19.7,72,0.309
"2026/01/21 12:05:00",736,0.02,18.8,75,0.316
"2026/01/21 12:10:00",731,0.02,19.7,72,0.322
"2026/01/21 12:15:00",726,0.02,20.5,68,0.328
"2026/01/21 12:20:00",711,0.03,19.5,73,0.335
"2026/01/21 12:25:00",724,0.02,19.4,74,0.342
"2026/01/21 12:30:00",724,0.02,18.7,75,0.349
"2026/01/21 12:35:00",746,0.02,18.8,74,0.355
"2026/01/21 12:40:00",741,0.03,20.5,70,0.362
"2026/01/21 12:45:00",727,0.03,20.7,69,0.372
"2026/01/21 12:50:00",722,0.04,21.7,70,0.383
"2026/01/21 12:55:00",710,0.04,21.9,71,0.394
"2026/01/21 13:00:00",721,0.03,21.8,71,0.404
"2026/01/21 13:05:00",728,0.02,21.3,73,0.411
"2026/01/21 13:10:00",746,0.05,20.9,74,0.422
"2026/01/21 13:15:00",755,0.04,23,67,0.435
"2026/01/21 13:20:00",663,0.04,20.5,60,0.447
"2026/01/21 13:25:00",623,0.04,21.5,57,0.458
"2026/01/21 13:30:00",587,0.04,23.5,59,0.47
"2026/01/21 13:35:00",571,0.04,21.3,58,0.482
"2026/01/21 13:40:00",557,0.06,20.5,53,0.497
"2026/01/21 13:45:00",528,0.05,20.5,53,0.512
"2026/01/21 13:50:00",529,0.06,19.8,50,0.527
"2026/01/21 13:55:00",496,0.1,18.6,45,0.552
"2026/01/21 14:00:00",501,0.08,20,49,0.577
"2026/01/21 14:05:00",518,0.04,20.3,55,0.593
"2026/01/21 14:10:00",537,0.03,20.5,62,0.604
"2026/01/21 14:15:00",565,0.02,20.6,65,0.614
"2026/01/21 14:20:00",602,0.01,19.8,70,0.618
"2026/01/21 14:25:00",639,0.02,19,73,0.622
"2026/01/21 14:30:00",675,0.01,18.9,73,0.627
"2026/01/21 14:35:00",724,0.03,19,74,0.633
"2026/01/21 14:40:00",742,0.02,20.4,68,0.642
"2026/01/21 14:45:00",722,0.01,19.3,69,0.647
"2026/01/21 14:50:00",691,0.01,18.5,72,0.651
"2026/01/21 14:55:00",688,0.03,19.5,71,0.658
"2026/01/21 15:00:00",655,0.02,20.1,63,0.666
"2026/01/21 15:05:00",601,0.03,19.1,56,0.673
"2026/01/21 15:10:00",546,0.02,18.3,55,0.68
"2026/01/21 15:15:00",512,0.01,17.8,61,0.684
"2026/01/21 15:20:00",493,0.01,17.1,66,0.688
"2026/01/21 15:25:00",483,0.01,16.4,70,0.691
"2026/01/21 15:30:00",479,0.01,16.1,72,0.694
"2026/01/21 15:35:00",478,0.01,16.2,74,0.696
"2026/01/21 15:40:00",470,0.01,16.1,74,0.699
"2026/01/21 15:45:00",470,0.01,15.6,76,0.701
"2026/01/21 15:50:00",467,0.01,15.7,76,0.703
"2026/01/21 15:55:00",472,0.01,15.2,77,0.705
"2026/01/21 16:00:00",465,0,14.9,77,0.706
"2026/01/21 16:05:00",465,0,14.5,78,0.707
"2026/01/21 16:10:00",457,0,14.3,77,0.709
"2026/01/21 16:15:00",459,0,13.8,78,0.71
"2026/01/21 16:20:00",464,0,13.6,79,0.711
"2026/01/21 16:25:00",466,0,13.1,79,0.711
"2026/01/21 16:30:00",464,0,12.8,80,0.712
"2026/01/21 16:35:00",460,0,12.7,80,0.712
"2026/01/21 16:40:00",466,0,12.2,80,0.712
"2026/01/21 16:45:00",469,0,12,81,0.713
"2026/01/21 16:50:00",474,0,12.2,80,0.713
"2026/01/21 16:55:00",472,0,12.2,80,0.713
"2026/01/21 17:00:00",481,0,12.3,82,0.713
"2026/01/21 17:05:00",480,0,12.3,82,0.713
"2026/01/21 17:10:00",483,0,11.9,81,0.713
"2026/01/21 17:15:00",482,0,11.9,81,0.713
"2026/01/21 17:20:00",489,0,11.7,81,0.713
"2026/01/21 17:25:00",487,0,11.7,80,0.713
"2026/01/21 17:30:00",495,0,11.5,81,0.713
"2026/01/21 17:35:00",488,0,11.6,81,0.713
"2026/01/21 17:40:00",501,0,11.5,82,0.713
"2026/01/21 17:45:00",494,0,11.5,82,0.713
"2026/01/21 17:50:00",504,0,11.4,83,0.713
"2026/01/21 17:55:00",501,0,11.3,83,0.713
"2026/01/21 18:00:00",502,0,11.3,83,0.713
"2026/01/21 18:05:00",500,0,11.2,84,0.713
"2026/01/21 18:10:00",506,0,11.1,84,0.713
"2026/01/21 18:15:00",511,0,11.1,84,0.713
"2026/01/21 18:20:00",510,0,11,85,0.713
"2026/01/21 18:25:00",514,0,11,84,0.713
"2026/01/21 18:30:00",510,0,10.8,85,0.713
"2026/01/21 18:35:00",519,0,10.6,85,0.713
"2026/01/21 18:40:00",523,0,10.6,84,0.713
"2026/01/21 18:45:00",519,0,10.4,85,0.713
"2026/01/21 18:50:00",522,0,10.5,84,0.713
"2026/01/21 18:55:00",521,0,10.6,85,0.713
"2026/01/21 19:00:00",525,0,10.5,85,0.713
"2026/01/21 19:05:00",528,0,10.6,85,0.713
"2026/01/21 19:10:00",522,0,10.4,85,0.713
"2026/01/21 19:15:00",522,0,10.4,85,0.713
"2026/01/21 19:20:00",530,0,10.3,85,0.713
"2026/01/21 19:25:00",529,0,10.4,85,0.713
"2026/01/21 19:30:00",536,0,10.3,85,0.713
"2026/01/21 19:35:00",531,0,10.3,85,0.713
"2026/01/21 19:40:00",535,0,10.3,86,0.713
"2026/01/21 19:45:00",536,0,10.4,85,0.713
"2026/01/21 19:50:00",539,0,10.2,85,0.713
"2026/01/21 19:55:00",527,0,10.2,86,0.713
"2026/01/21 20:00:00",536,0,10.1,85,0.713
"2026/01/21 20:05:00",528,0,10,85,0.713
"2026/01/21 20:10:00",536,0,9.8,86,0.713
"2026/01/21 20:15:00",536,0,9.6,86,0.713
"2026/01/21 20:20:00",537,0,9.5,86,0.713
"2026/01/21 20:25:00",540,0,9.6,85,0.713
"2026/01/21 20:30:00",542,0,9.5,86,0.713
"2026/01/21 20:35:00",542,0,10.9,81,0.713
"2026/01/21 20:40:00",541,0,11.5,78,0.713
"2026/01/21 20:45:00",545,0,10.8,81,0.713
"2026/01/21 20:50:00",553,0,10.4,84,0.713
"2026/01/21 20:55:00",544,0,10.1,84,0.713
"2026/01/21 21:00:00",550,0,9.8,85,0.713
"2026/01/21 21:05:00",547,0,9.8,85,0.713
"2026/01/21 21:10:00",561,0,9.7,85,0.713
"2026/01/21 21:15:00",560,0,9.6,85,0.713
"2026/01/21 21:20:00",547,0,9.6,85,0.713
"2026/01/21 21:25:00",558,0,9.5,85,0.713
"2026/01/21 21:30:00",545,0,9.4,85,0.713
"2026/01/21 21:35:00",545,0,9.4,85,0.713
"2026/01/21 21:40:00",538,0,9.4,85,0.713
"2026/01/21 21:45:00",543,0,9.4,85,0.713
"2026/01/21 21:50:00",534,0,9.4,85,0.713
"2026/01/21 21:55:00",548,0,9.3,85,0.713
"2026/01/21 22:00:00",536,0,9.1,86,0.713
"2026/01/21 22:05:00",536,0,9,86,0.713
"2026/01/21 22:10:00",536,0,8.9,86,0.713
"2026/01/21 22:15:00",545,0,8.7,85,0.713
"2026/01/21 22:20:00",543,0,8.4,85,0.713
"2026/01/21 22:25:00",530,0,8.3,85,0.713
"2026/01/21 22:30:00",532,0,8.2,85,0.713
"2026/01/21 22:35:00",543,0,8,85,0.713
"2026/01/21 22:40:00",533,0,7.9,85,0.713
"2026/01/21 22:45:00",527,0,7.7,85,0.713
"2026/01/21 22:50:00",535,0,7.7,84,0.713
"2026/01/21 22:55:00",544,0,7.4,84,0.713
"2026/01/21 23:00:00",543,0,7.3,84,0.713
"2026/01/21 23:05:00",536,0,7.4,84,0.713
"2026/01/21 23:10:00",539,0,7.1,84,0.713
"2026/01/21 23:15:00",542,0,7.2,83,0.713
"2026/01/21 23:20:00",543,0,7.2,83,0.713
"2026/01/21 23:25:00",548,0,6.9,83,0.713
"2026/01/21 23:30:00",549,0,7,83,0.713
"2026/01/21 23:35:00",553,0,6.9,83,0.713
"2026/01/21 23:40:00",557,0,6.8,83,0.713
"2026/01/21 23:45:00",554,0,6.8,83,0.713
"2026/01/21 23:50:00",550,0,6.7,83,0.713
"2026/01/21 23:55:00",555,0,6.5,83,0.713
"2026/01/22 00:00:00",559,0,6.5,83,0.713
"2026/01/22 00:05:00",546,0,6.6,83,0
"2026/01/22 00:10:00",561,0,6.7,83,0
"2026/01/22 00:15:00",558,0,6.8,83,0
"2026/01/22 00:20:00",553,0,6.9,83,0
"2026/01/22 00:25:00",558,0,6.9,83,0
"2026/01/22 00:30:00",564,0,6.9,84,0
"2026/01/22 00:35:00",564,0,7,84,0
"2026/01/22 00:40:00",563,0,7,84,0
"2026/01/22 00:45:00",564,0,6.9,84,0
"2026/01/22 00:50:00",562,0,6.9,85,0
"2026/01/22 00:55:00",565,0,6.7,85,0
"2026/01/22 01:00:00",569,0,6.6,85,0
"2026/01/22 01:05:00",565,0,6.6,85,0
"2026/01/22 01:10:00",562,0,6.6,85,0
"2026/01/22 01:15:00",561,0,6.4,85,0
"2026/01/22 01:20:00",558,0,6.4,84,0
"2026/01/22 01:25:00",550,0,6.3,84,0
"2026/01/22 01:30:00",545,0,6.4,84,0
"2026/01/22 01:35:00",551,0,6.4,84,0
"2026/01/22 01:40:00",546,0,6.4,84,0
"2026/01/22 01:45:00",543,0,6.3,84,0
"2026/01/22 01:50:00",551,0,6.1,84,0
"2026/01/22 01:55:00",548,0,6.2,84,0
"2026/01/22 02:00:00",538,0,6,84,0
"2026/01/22 02:05:00",542,0,6,84,0
"2026/01/22 02:10:00",548,0,6,83,0
"2026/01/22 02:15:00",544,0,6,84,0
"2026/01/22 02:20:00",535,0,6,83,0
"2026/01/22 02:25:00",540,0,5.9,84,0
"2026/01/22 02:30:00",541,0,5.8,84,0
"2026/01/22 02:35:00",536,0,6,84,0
"2026/01/22 02:40:00",538,0,5.9,85,0
"2026/01/22 02:45:00",538,0,5.8,85,0
"2026/01/22 02:50:00",537,0,5.7,84,0
"2026/01/22 02:55:00",532,0,5.8,84,0
"2026/01/22 03:00:00",528,0,5.7,84,0
"2026/01/22 03:05:00",537,0,5.6,84,0
"2026/01/22 03:10:00",531,0,7,78,0
"2026/01/22 03:15:00",534,0,7.5,77,0
"2026/01/22 03:20:00",530,0,6.5,81,0
"2026/01/22 03:25:00",537,0,6,82,0
"2026/01/22 03:30:00",538,0,5.8,83,0
"2026/01/22 03:35:00",533,0,5.4,83,0
"2026/01/22 03:40:00",534,0,6.9,76,0
"2026/01/22 03:45:00",541,0,7.2,76,0
"2026/01/22 03:50:00",535,0,6.3,79,0
"2026/01/22 03:55:00",537,0,5.8,80,0
"2026/01/22 04:00:00",536,0,5.6,80,0
"2026/01/22 04:05:00",538,0,6.8,75,0
"2026/01/22 04:10:00",540,0,6.9,76,0
"2026/01/22 04:15:00",540,0,6.4,79,0
"2026/01/22 04:20:00",530,0,5.9,80,0
"2026/01/22 04:25:00",539,0,5.7,81,0
"2026/01/22 04:30:00",542,0,6.8,76,0
"2026/01/22 04:35:00",536,0,7,76,0
"2026/01/22 04:40:00",545,0,6.3,78,0
"2026/01/22 04:45:00",544,0,5.9,80,0
"2026/01/22 04:50:00",544,0,5.5,81,0
"2026/01/22 04:55:00",542,0,6.8,76,0
"2026/01/22 05:00:00",540,0,7,76,0
"2026/01/22 05:05:00",548,0,6.4,78,0
"2026/01/22 05:10:00",542,0,6,80,0
"2026/01/22 05:15:00",547,0,5.6,81,0
"2026/01/22 05:20:00",548,0,6.3,78,0
"2026/01/22 05:25:00",533,0,6.8,76,0
"2026/01/22 05:30:00",544,0,6.7,78,0
"2026/01/22 05:35:00",538,0,6,81,0
"2026/01/22 05:40:00",544,0,5.8,82,0
"2026/01/22 05:45:00",541,0,5.5,82,0
"2026/01/22 05:50:00",534,0,6.4,79,0
"2026/01/22 05:55:00",546,0,7,75,0
"2026/01/22 06:00:00",561,0,8.1,73,0
"2026/01/22 06:05:00",570,0,8.4,73,0
"2026/01/22 06:10:00",620,0,8.6,73,0
"2026/01/22 06:15:00",659,0,9,72,0
"2026/01/22 06:20:00",707,0,8.5,72,0
"2026/01/22 06:25:00",725,0,7.8,73,0
"2026/01/22 06:30:00",768,0,7.8,74,0
"2026/01/22 06:35:00",790,0,7.8,74,0
"2026/01/22 06:40:00",801,0,7.8,74,0
"2026/01/22 06:45:00",809,0,7.8,74,0
"2026/01/22 06:50:00",803,0,7.9,74,0
"2026/01/22 06:55:00",802,0,7.9,74,0
"2026/01/22 07:00:00",801,0,7.9,73,0
"2026/01/22 07:05:00",792,0,7.9,73,0
"2026/01/22 07:10:00",795,0,8.1,73,0.001
"2026/01/22 07:15:00",794,0,8.1,73,0.001
"2026/01/22 07:20:00",789,0,8.1,73,0.001
"2026/01/22 07:25:00",783,0,8.1,73,0.001
"2026/01/22 07:30:00",790,0,8.3,72,0.002
"2026/01/22 07:35:00",782,0,9.1,70,0.003
"2026/01/22 07:40:00",783,0.01,9.9,67,0.004
"2026/01/22 07:45:00",783,0.01,10.8,65,0.006
"2026/01/22 07:50:00",773,0.01,11.4,63,0.008
"2026/01/22 07:55:00",756,0.01,10.8,67,0.01
"2026/01/22 08:00:00",752,0.01,9.9,71,0.011
"2026/01/22 08:05:00",739,0.01,9.8,73,0.014
"2026/01/22 08:10:00",728,0.01,10.7,71,0.016
"2026/01/22 08:15:00",722,0.01,11.1,71,0.018
"2026/01/22 08:20:00",742,0.01,11.5,71,0.021
"2026/01/22 08:25:00",753,0.01,12.1,71,0.024
"2026/01/22 08:30:00",780,0.01,12.5,71,0.027
"2026/01/22 08:35:00",774,0.01,13.1,70,0.031
"2026/01/22 08:40:00",763,0.01,15.5,65,0.035
"2026/01/22 08:45:00",741,0.01,17,61,0.039
"2026/01/22 08:50:00",730,0.01,17.1,61,0.042
"2026/01/22 08:55:00",705,0.01,16.9,65,0.046
"2026/01/22 09:00:00",705,0.01,17.4,65,0.049
"2026/01/22 09:05:00",718,0.01,17.2,67,0.052
"2026/01/22 09:10:00",726,0.01,17.6,66,0.056
"2026/01/22 09:15:00",738,0.01,18.2,67,0.06
"2026/01/22 09:20:00",754,0.01,18.7,66,0.064
"2026/01/22 09:25:00",744,0.01,19.4,66,0.068
"2026/01/22 09:30:00",734,0.02,19.5,66,0.073
"2026/01/22 09:35:00",713,0.02,19.9,65,0.078
"2026/01/22 09:40:00",707,0.02,20.4,66,0.082
"2026/01/22 09:45:00",705,0.02,21.1,65,0.087
"2026/01/22 09:50:00",724,0.02,21,66,0.093
"2026/01/22 09:55:00",734,0.02,21.7,65,0.099
"2026/01/22 10:00:00",737,0.02,22.3,63,0.104
"2026/01/22 10:05:00",713,0.02,22,65,0.11
"2026/01/22 10:10:00",698,0.01,20,58,0.114
"2026/01/22 10:15:00",569,0.02,17.5,53,0.119
"2026/01/22 10:20:00",543,0.02,20.6,56,0.125
"2026/01/22 10:25:00",530,0.02,18.6,52,0.13
"2026/01/22 10:30:00",535,0.02,21.3,57,0.135
"2026/01/22 10:35:00",540,0.02,16.6,48,0.14
"2026/01/22 10:40:00",507,0.02,19.2,52,0.146
"2026/01/22 10:45:00",516,0.02,17.1,49,0.152
"2026/01/22 10:50:00",505,0.02,21.1,53,0.159
"2026/01/22 10:55:00",529,0.02,21.3,55,0.166
"2026/01/22 11:00:00",553,0.02,19.9,53,0.173
"2026/01/22 11:05:00",518,0.02,20.1,50,0.18
"2026/01/22 11:10:00",515,0.02,19.5,50,0.187
"2026/01/22 11:15:00",517,0.03,20.1,52,0.194
"2026/01/22 11:20:00",523,0.03,19.7,63,0.202
"2026/01/22 11:25:00",526,0.03,21.6,67,0.21
"2026/01/22 11:30:00",563,0.02,23.5,67,0.217
"2026/01/22 11:35:00",575,0.02,22.8,69,0.222
"2026/01/22 11:40:00",568,0.02,20.1,66,0.228
"2026/01/22 11:45:00",559,0.02,19.6,65,0.235
"2026/01/22 11:50:00",546,0.02,19.7,62,0.241
"2026/01/22 11:55:00",533,0.02,20.3,60,0.248
"2026/01/22 12:00:00",540,0.02,23.3,64,0.254
"2026/01/22 12:05:00",560,0.02,22.8,65,0.259
"2026/01/22 12:10:00",583,0.02,22.9,68,0.266
"2026/01/22 12:15:00",585,0.02,23.2,62,0.273
"2026/01/22 12:20:00",563,0.02,22.7,59,0.279
"2026/01/22 12:25:00",552,0.02,22.8,60,0.285
"2026/01/22 12:30:00",556,0.02,22.9,57,0.291
"2026/01/22 12:35:00",553,0.02,23.3,59,0.297
"2026/01/22 12:40:00",525,0.02,19.2,53,0.303
"2026/01/22 12:45:00",515,0.02,21.9,55,0.309
"2026/01/22 12:50:00",519,0.02,20.9,53,0.316
"2026/01/22 12:55:00",509,0.03,20.6,60,0.322
"2026/01/22 13:00:00",529,0.03,20,55,0.33
"2026/01/22 13:05:00",537,0.03,23.2,58,0.34
"2026/01/22 13:10:00",529,0.03,22.8,58,0.349
"2026/01/22 13:15:00",523,0.03,21.4,54,0.358
"2026/01/22 13:20:00",523,0.03,22,53,0.367
"2026/01/22 13:25:00",517,0.03,22.7,52,0.377
"2026/01/22 13:30:00",513,0.01,20.3,53,0.383
"2026/01/22 13:35:00",522,0.03,22.4,57,0.39
"2026/01/22 13:40:00",548,0.03,22,60,0.397
"2026/01/22 13:45:00",549,0.03,21,51,0.407
"2026/01/22 13:50:00",515,0.03,18.5,48,0.415
"2026/01/22 13:55:00",506,0.03,19.1,44,0.425
"2026/01/22 14:00:00",488,0.03,17.4,41,0.434
"2026/01/22 14:05:00",482,0.03,21.2,48,0.443
"2026/01/22 14:10:00",488,0.03,19,49,0.451
"2026/01/22 14:15:00",496,0.01,16.5,43,0.458
"2026/01/22 14:20:00",479,0.03,17.8,50,0.464
"2026/01/22 14:25:00",514,0.03,19.9,49,0.473
"2026/01/22 14:30:00",524,0.02,19.1,52,0.481
"2026/01/22 14:35:00",529,0.03,20.4,57,0.488
"2026/01/22 14:40:00",536,0.02,17,47,0.495
"2026/01/22 14:45:00",492,0.02,19.2,52,0.502
"2026/01/22 14:50:00",468,0.02,20,57,0.507
"2026/01/22 14:55:00",464,0.02,20.8,60,0.513
"2026/01/22 15:00:00",451,0.02,21.5,60,0.518
"2026/01/22 15:05:00",446,0.01,16.3,50,0.522
"2026/01/22 15:10:00",440,0.01,17.7,56,0.526
"2026/01/22 15:15:00",426,0.01,17.2,61,0.528
"2026/01/22 15:20:00",428,0.01,16.9,64,0.531
"2026/01/22 15:25:00",422,0.02,18.7,63,0.536
"2026/01/22 15:30:00",427,0.01,18.3,58,0.54
"2026/01/22 15:35:00",415,0.01,18.8,58,0.545
"2026/01/22 15:40:00",413,0.01,18.8,60,0.549
"2026/01/22 15:45:00",413,0.01,19.4,62,0.552
"2026/01/22 15:50:00",394,0.01,19.5,65,0.555
"2026/01/22 15:55:00",398,0.01,19.6,67,0.557
"2026/01/22 16:00:00",381,0.01,19.3,70,0.559
"2026/01/22 16:05:00",377,0.01,18.9,72,0.56
"2026/01/22 16:10:00",374,0.01,18.5,73,0.562
"2026/01/22 16:15:00",374,0.01,18,74,0.564
"2026/01/22 16:20:00",377,0.01,17.2,75,0.565
"2026/01/22 16:25:00",378,0,16.4,75,0.567
"2026/01/22 16:30:00",388,0,15.5,76,0.568
"2026/01/22 16:35:00",388,0,14.8,77,0.568
"2026/01/22 16:40:00",396,0,14.5,77,0.569
"2026/01/22 16:45:00",392,0,13.8,78,0.57
"2026/01/22 16:50:00",396,0,13.6,78,0.57
"2026/01/22 16:55:00",408,0,13.4,78,0.57
"2026/01/22 17:00:00",409,0,13.4,81,0.57
"2026/01/22 17:05:00",422,0,13.1,81,0.57
"2026/01/22 17:10:00",423,0,12.7,79,0.57
"2026/01/22 17:15:00",427,0,11.9,80,0.57
"2026/01/22 17:20:00",429,0,11.4,80,0.57
"2026/01/22 17:25:00",436,0,11.2,80,0.57
"2026/01/22 17:30:00",444,0,10.9,80,0.57
"2026/01/22 17:35:00",446,0,10.7,81,0.57
"2026/01/22 17:40:00",455,0,10.5,81,0.57
"2026/01/22 17:45:00",456,0,10.5,82,0.57
"2026/01/22 17:50:00",463,0,10.3,82,0.57
"2026/01/22 17:55:00",454,0,10.1,82,0.57
"2026/01/22 18:00:00",468,0,10.1,83,0.57
"2026/01/22 18:05:00",467,0,9.9,83,0.57
"2026/01/22 18:10:00",473,0,9.7,82,0.57
"2026/01/22 18:15:00",472,0,9.6,82,0.57
"2026/01/22 18:20:00",479,0,9.8,82,0.57
"2026/01/22 18:25:00",489,0,11.4,75,0.57
"2026/01/22 18:30:00",481,0,10.7,78,0.57
"2026/01/22 18:35:00",491,0,10.1,81,0.57
"2026/01/22 18:40:00",485,0,9.8,82,0.57
"2026/01/22 18:45:00",493,0,9.5,82,0.57
"2026/01/22 18:50:00",494,0,10.7,77,0.57
"2026/01/22 18:55:00",499,0,11.1,75,0.57
"2026/01/22 19:00:00",496,0,10.3,79,0.57
"2026/01/22 19:05:00",497,0,9.7,81,0.57
"2026/01/22 19:10:00",500,0,9.5,82,0.57
"2026/01/22 19:15:00",505,0,10.6,75,0.57
"2026/01/22 19:20:00",501,0,10.4,76,0.57
"2026/01/22 19:25:00",509,0,10.1,78,0.57
"2026/01/22 19:30:00",507,0,9.5,80,0.57
"2026/01/22 19:35:00",509,0,9.5,79,0.57
"2026/01/22 19:40:00",520,0,10.7,73,0.57
"2026/01/22 19:45:00",510,0,10.5,74,0.57
"2026/01/22 19:50:00",520,0,9.5,79,0.57
"2026/01/22 19:55:00",522,0,9.2,79,0.57
"2026/01/22 20:00:00",527,0,10.4,73,0.57
"2026/01/22 20:05:00",525,0,9.9,75,0.57
"2026/01/22 20:10:00",532,0,9.5,77,0.57
"2026/01/22 20:15:00",536,0,9,80,0.57
"2026/01/22 20:20:00",533,0,9.9,74,0.57
"2026/01/22 20:25:00",530,0,9.6,74,0.57
"2026/01/22 20:30:00",526,0,10,73,0.57
"2026/01/22 20:35:00",535,0,10.8,72,0.57
"2026/01/22 20:40:00",541,0,9.6,77,0.57
"2026/01/22 20:45:00",543,0,9,79,0.57
"2026/01/22 20:50:00",539,0,10,74,0.57
"2026/01/22 20:55:00",547,0,9.5,74,0.57
"2026/01/22 21:00:00",546,0,10.3,71,0.57
"2026/01/22 21:05:00",551,0,11.2,70,0.57
"2026/01/22 21:10:00",548,0,9.6,75,0.57
"2026/01/22 21:15:00",548,0,8.7,76,0.57
"2026/01/22 21:20:00",540,0,8.2,78,0.57
"2026/01/22 21:25:00",538,0,8.1,79,0.57
"2026/01/22 21:30:00",535,0,7.8,79,0.57
"2026/01/22 21:35:00",527,0,7.7,79,0.57
"2026/01/22 21:40:00",538,0,7.4,80,0.57
"2026/01/22 21:45:00",539,0,7.2,80,0.57
"2026/01/22 21:50:00",528,0,7.1,80,0.57
"2026/01/22 21:55:00",538,0,6.8,80,0.57
"2026/01/22 22:00:00",538,0,6.8,80,0.57
"2026/01/22 22:05:00",542,0,7.8,75,0.57
"2026/01/22 22:10:00",541,0,8.2,74,0.57
"2026/01/22 22:15:00",543,0,7.7,77,0.57
"2026/01/22 22:20:00",544,0,7.1,79,0.57
"2026/01/22 22:25:00",543,0,6.9,79,0.57
"2026/01/22 22:30:00",547,0,6.7,79,0.57
"2026/01/22 22:35:00",552,0,7.8,74,0.57
"2026/01/22 22:40:00",545,0,7.9,73,0.57
"2026/01/22 22:45:00",540,0,7.4,76,0.57
"2026/01/22 22:50:00",540,0,6.9,78,0.57
"2026/01/22 22:55:00",550,0,6.7,79,0.57
"2026/01/22 23:00:00",543,0,7.4,76,0.57
"2026/01/22 23:05:00",551,0,7.7,73,0.57
"2026/01/22 23:10:00",566,0,7.6,75,0.57
"2026/01/22 23:15:00",554,0,7,77,0.57
"2026/01/22 23:20:00",556,0,6.8,79,0.57
"2026/01/22 23:25:00",554,0,6.6,79,0.57
"2026/01/22 23:30:00",566,0,8,73,0.57
"2026/01/22 23:35:00",560,0,7.9,74,0.57
"2026/01/22 23:40:00",559,0,7.3,76,0.57
"2026/01/22 23:45:00",568,0,6.8,78,0.57
"2026/01/22 23:50:00",563,0,6.7,79,0.57
"2026/01/22 23:55:00",568,0,7.9,73,0.57
"2026/01/23 00:00:00",571,0,7.9,74,0.57
"2026/01/23 00:05:00",570,0,7.2,76,0
"2026/01/23 00:10:00",568,0,6.7,78,0
"2026/01/23 00:15:00",574,0,6.8,77,0
"2026/01/23 00:20:00",574,0,7.6,73,0
"2026/01/23 00:25:00",574,0,7.6,74,0
"2026/01/23 00:30:00",575,0,6.8,77,0
"2026/01/23 00:35:00",579,0,6.5,78,0
"2026/01/23 00:40:00",577,0,7.3,74,0
"2026/01/23 00:45:00",578,0,7.3,73,0
"2026/01/23 00:50:00",573,0,7.4,74,0
"2026/01/23 00:55:00",576,0,6.6,77,0
"2026/01/23 01:00:00",581,0,6.4,77,0
"2026/01/23 01:05:00",584,0,7.3,73,0
"2026/01/23 01:10:00",584,0,7,73,0
"2026/01/23 01:15:00",587,0,8.1,71,0
"2026/01/23 01:20:00",588,0,7.6,73,0
"2026/01/23 01:25:00",590,0,6.7,77,0
"2026/01/23 01:30:00",595,0,6.3,78,0
"2026/01/23 01:35:00",594,0,7.3,73,0
"2026/01/23 01:40:00",594,0,7.1,73,0
"2026/01/23 01:45:00",593,0,7,75,0
"2026/01/23 01:50:00",599,0,6.3,78,0
"2026/01/23 01:55:00",589,0,6.8,75,0
"2026/01/23 02:00:00",591,0,6.7,73,0
"2026/01/23 02:05:00",587,0,7.1,72,0
"2026/01/23 02:10:00",593,0,7.9,72,0
"2026/01/23 02:15:00",591,0,6.8,76,0
"2026/01/23 02:20:00",588,0,6.3,78,0
"2026/01/23 02:25:00",599,0,6.9,74,0
"2026/01/23 02:30:00",604,0,7,72,0
"2026/01/23 02:35:00",601,0,7.3,73,0
"2026/01/23 02:40:00",601,0,6.2,77,0
"2026/01/23 02:45:00",597,0,6.7,75,0
"2026/01/23 02:50:00",595,0,6.6,73,0
"2026/01/23 02:55:00",599,0,6.9,72,0
"2026/01/23 03:00:00",601,0,7.6,71,0
"2026/01/23 03:05:00",599,0,7.6,72,0
"2026/01/23 03:10:00",606,0,6.7,76,0
"2026/01/23 03:15:00",602,0,6.1,78,0
"2026/01/23 03:20:00",605,0,7.1,73,0
"2026/01/23 03:25:00",604,0,6.4,73,0
"2026/01/23 03:30:00",601,0,7.3,71,0
"2026/01/23 03:35:00",607,0,7.9,71,0
"2026/01/23 03:40:00",606,0,6.6,76,0
"2026/01/23 03:45:00",603,0,6.1,78,0
"2026/01/23 03:50:00",607,0,7.1,73,0
"2026/01/23 03:55:00",605,0,6.3,73,0
"2026/01/23 04:00:00",605,0,7.2,71,0
"2026/01/23 04:05:00",610,0,7.7,71,0
"2026/01/23 04:10:00",608,0,6.5,76,0
"2026/01/23 04:15:00",602,0,6,77,0
"2026/01/23 04:20:00",611,0,7.1,72,0
"2026/01/23 04:25:00",608,0,6.7,72,0
"2026/01/23 04:30:00",607,0,7.2,71,0
"2026/01/23 04:35:00",610,0,8,70,0
"2026/01/23 04:40:00",608,0,6.8,74,0
"2026/01/23 04:45:00",616,0,6.1,77,0
"2026/01/23 04:50:00",610,0,7.1,73,0
"2026/01/23 04:55:00",613,0,6.1,73,0
"2026/01/23 05:00:00",619,0,6.8,72,0
"2026/01/23 05:05:00",618,0,7.3,71,0
"2026/01/23 05:10:00",614,0,7.6,71,0
"2026/01/23 05:15:00",623,0,6.3,76,0
"2026/01/23 05:20:00",615,0,6.2,76,0
"2026/01/23 05:25:00",617,0,6.7,72,0
"2026/01/23 05:30:00",620,0,6.7,72,0
"2026/01/23 05:35:00",621,0,6.9,71,0
"2026/01/23 05:40:00",615,0,8.2,70,0
"2026/01/23 05:45:00",602,0,6.7,74,0
"2026/01/23 05:50:00",616,0,6,77,0
"2026/01/23 05:55:00",625,0,6.8,73,0
"2026/01/23 06:00:00",637,0,6.2,73,0
"2026/01/23 06:05:00",662,0,7,71,0
"2026/01/23 06:10:00",694,0,7.6,70,0
"2026/01/23 06:15:00",741,0,8,70,0
"2026/01/23 06:20:00",757,0,8.7,68,0
"2026/01/23 06:25:00",767,0,8.5,67,0
"2026/01/23 06:30:00",752,0,7.4,69,0
"2026/01/23 06:35:00",758,0,6.9,71,0
"2026/01/23 06:40:00",758,0,7,72,0
"2026/01/23 06:45:00",758,0,7,72,0
"2026/01/23 06:50:00",751,0,7.3,71,0
"2026/01/23 06:55:00",755,0,7.3,71,0
"2026/01/23 07:00:00",751,0,7.4,72,0
"2026/01/23 07:05:00",745,0,7.4,71,0
"2026/01/23 07:10:00",748,0,7.6,71,0
"2026/01/23 07:15:00",749,0,7.7,71,0.001
"2026/01/23 07:20:00",759,0,7.8,70,0.001
"2026/01/23 07:25:00",761,0,7.9,71,0.001
"2026/01/23 07:30:00",748,0,8.1,70,0.001
"2026/01/23 07:35:00",752,0,8.6,70,0.001
"2026/01/23 07:40:00",754,0,9.4,67,0.002
"2026/01/23 07:45:00",753,0,9.8,67,0.003
"2026/01/23 07:50:00",752,0.01,10.4,65,0.004
"2026/01/23 07:55:00",753,0.01,10.9,64,0.005
"2026/01/23 08:00:00",749,0.01,9.8,69,0.007
"2026/01/23 08:05:00",753,0.01,9.5,72,0.009
"2026/01/23 08:10:00",745,0.01,9.6,73,0.011
"2026/01/23 08:15:00",725,0.01,10,,
"2026/01/23 08:20:00",733,0.01,10.2,73,0.014
"2026/01/23 08:25:00",724,0.01,11,72,0.017
"2026/01/23 08:30:00",726,0.01,11.4,72,0.02
"2026/01/23 08:35:00",703,0.01,12.3,70,0.022
"2026/01/23 08:40:00",698,0.01,15.3,64,0.025
"2026/01/23 08:45:00",704,0.01,17.2,62,0.028
"2026/01/23 08:50:00",689,0.01,17.7,62,0.03
"2026/01/23 08:55:00",676,0.01,17.3,68,0.033
"2026/01/23 09:00:00",678,0.01,17.5,70,0.036
"2026/01/23 09:05:00",669,0.01,18.2,69,0.039
"2026/01/23 09:10:00",650,0.01,18.6,69,0.042
"2026/01/23 09:15:00",639,0.01,19.7,67,0.045
"2026/01/23 09:20:00",635,0.01,19.9,69,0.048
"2026/01/23 09:25:00",629,0.01,20.6,69,0.052
"2026/01/23 09:30:00",611,0.01,20.9,69,0.055
"2026/01/23 09:35:00",583,0.01,18.6,65,0.059
"2026/01/23 09:40:00",547,0.01,20.4,65,0.063
"2026/01/23 09:45:00",531,0.01,20.9,65,0.067
"2026/01/23 09:50:00",516,0.02,21.9,65,0.072
"2026/01/23 09:55:00",511,0.02,22.4,67,0.076
"2026/01/23 10:00:00",497,0.01,22.6,67,0.081
"2026/01/23 10:05:00",486,0.01,23.9,65,0.085
"2026/01/23 10:10:00",476,0.01,19.4,53,0.089
"2026/01/23 10:15:00",457,0.02,19.8,56,0.093
"2026/01/23 10:20:00",453,0.01,20.4,57,0.098
"2026/01/23 10:25:00",425,0.01,21.2,55,0.102
"2026/01/23 10:30:00",426,0.01,23,58,0.106
"2026/01/23 10:35:00",423,0.02,17.3,45,0.11
"2026/01/23 10:40:00",425,0.02,21.2,53,0.115
"2026/01/23 10:45:00",410,0.02,21.1,55,0.12
"2026/01/23 10:50:00",408,0.02,21.2,54,0.126
"2026/01/23 10:55:00",409,0.02,21.5,57,0.131
"2026/01/23 11:00:00",397,0.01,21.1,54,0.137
"2026/01/23 11:05:00",405,0.02,20.6,53,0.143
"2026/01/23 11:10:00",422,0.02,21.8,55,0.148
"2026/01/23 11:15:00",412,0.02,19.6,54,0.154
"2026/01/23 11:20:00",422,0.01,21.2,58,0.16
"2026/01/23 11:25:00",417,0.02,20.9,59,0.165
"2026/01/23 11:30:00",419,0.02,23.2,67,0.171
"2026/01/23 11:35:00",420,0.02,24.7,70,0.177
"2026/01/23 11:40:00",413,0.02,23.1,72,0.184
"2026/01/23 11:45:00",420,0.02,23.2,67,0.19
"2026/01/23 11:50:00",427,0.02,18.8,60,0.196
"2026/01/23 11:55:00",425,0.02,23.1,62,0.201
"2026/01/23 12:00:00",419,0.02,23.7,65,0.207
"2026/01/23 12:05:00",416,0.02,19.9,57,0.211
"2026/01/23 12:10:00",418,0.02,22.2,59,0.216
"2026/01/23 12:15:00",412,0.01,19.2,51,0.22
"2026/01/23 12:20:00",417,0.01,22.8,56,0.224
"2026/01/23 12:25:00",417,0.01,23.3,57,0.229
"2026/01/23 12:30:00",403,0.01,20.4,51,0.233
"2026/01/23 12:35:00",404,0.01,22.8,53,0.237
"2026/01/23 12:40:00",397,0.01,21.2,50,0.241
"2026/01/23 12:45:00",400,0.02,18.7,45,0.246
"2026/01/23 12:50:00",399,0.03,21.3,48,0.257
"2026/01/23 12:55:00",405,0.03,21.4,49,0.266
"2026/01/23 13:00:00",410,0.03,20.2,46,0.279
"2026/01/23 13:05:00",406,0.04,21.3,48,0.291
"2026/01/23 13:10:00",407,0.03,20.9,48,0.301
"2026/01/23 13:15:00",397,0.04,18.9,42,0.311
"2026/01/23 13:20:00",409,0.04,21.8,44,0.323
"2026/01/23 13:25:00",395,0.04,21.1,46,0.335
"2026/01/23 13:30:00",402,0.05,22.3,49,0.349
"2026/01/23 13:35:00",406,0.06,18.6,38,0.364
"2026/01/23 13:40:00",405,0.04,22.5,46,0.377
"2026/01/23 13:45:00",399,0.05,20.7,47,0.391
"2026/01/23 13:50:00",402,0.06,21,47,0.408
"2026/01/23 13:55:00",400,0.05,20.5,43,0.423
"2026/01/23 14:00:00",402,0.05,18.8,40,0.435
"2026/01/23 14:05:00",403,0.05,21.2,45,0.452
"2026/01/23 14:10:00",411,0.04,20.1,42,0.466
"2026/01/23 14:15:00",402,0.04,18.7,41,0.478
"2026/01/23 14:20:00",405,0.02,18.7,40,0.486
"2026/01/23 14:25:00",398,0.03,19.4,43,0.494
"2026/01/23 14:30:00",401,0.03,20.7,47,0.503
"2026/01/23 14:35:00",393,0.03,18.8,45,0.511
"2026/01/23 14:40:00",406,0.01,18.3,43,0.517
"2026/01/23 14:45:00",399,0.02,19.5,48,0.523
"2026/01/23 14:50:00",398,0.02,20.4,50,0.53
"2026/01/23 14:55:00",398,0.02,20.9,54,0.536
"2026/01/23 15:00:00",387,0.02,21.8,58,0.542
"2026/01/23 15:05:00",397,0.02,17.6,42,0.548
"2026/01/23 15:10:00",407,0.01,19.1,47,0.553
"2026/01/23 15:15:00",404,0.01,18.5,47,0.556
"2026/01/23 15:20:00",407,0.01,18,51,0.559
"2026/01/23 15:25:00",405,0.01,18,55,0.563
"2026/01/23 15:30:00",401,0.01,17.7,59,0.566
"2026/01/23 15:35:00",390,0.01,18.2,62,0.57
"2026/01/23 15:40:00",386,0.01,18.1,62,0.572
"2026/01/23 15:45:00",397,0.01,18,64,0.575
"2026/01/23 15:50:00",388,0.01,18.3,66,0.576
"2026/01/23 15:55:00",389,0.01,18,66,0.578
"2026/01/23 16:00:00",378,0,17.6,68,0.58
"2026/01/23 16:05:00",378,0,17.2,69,0.581
"2026/01/23 16:10:00",382,0,16.8,71,0.582
"2026/01/23 16:15:00",384,0,16.2,71,0.583
"2026/01/23 16:20:00",374,0,15.7,72,0.584
"2026/01/23 16:25:00",377,0,15.3,74,0.585
"2026/01/23 16:30:00",382,0,14.8,74,0.586
"2026/01/23 16:35:00",385,0,14.5,74,0.587
"2026/01/23 16:40:00",381,0,14.1,75,0.588
"2026/01/23 16:45:00",391,0,13.5,76,0.588
"2026/01/23 16:50:00",392,0,13.4,76,0.588
"2026/01/23 16:55:00",398,0,13.2,77,0.588
"2026/01/23 17:00:00",403,0,13.5,79,0.588
"2026/01/23 17:05:00",409,0,13,80,0.588
"2026/01/23 17:10:00",410,0,12.6,80,0.588
"2026/01/23 17:15:00",419,0,12.3,80,0.588
"2026/01/23 17:20:00",429,0,11.7,79,0.588
"2026/01/23 17:25:00",437,0,11.5,80,0.588
"2026/01/23 17:30:00",439,0,11.2,80,0.588
"2026/01/23 17:35:00",440,0,11,80,0.588
"2026/01/23 17:40:00",437,0,10.8,81,0.588
"2026/01/23 17:45:00",450,0,10.6,81,0.588
"2026/01/23 17:50:00",440,0,10.5,81,0.588
"2026/01/23 17:55:00",453,0,10.2,81,0.588
"2026/01/23 18:00:00",462,0,10.2,81,0.588
"2026/01/23 18:05:00",460,0,10,82,0.588
"2026/01/23 18:10:00",462,0,9.8,82,0.588
"2026/01/23 18:15:00",465,0,9.8,82,0.588
"2026/01/23 18:20:00",463,0,9.7,81,0.588
"2026/01/23 18:25:00",472,0,9.5,82,0.588
"2026/01/23 18:30:00",472,0,9.8,80,0.588
"2026/01/23 18:35:00",482,0,11.4,74,0.588
"2026/01/23 18:40:00",481,0,10.8,76,0.588
"2026/01/23 18:45:00",485,0,10.1,79,0.588
"2026/01/23 18:50:00",479,0,9.8,80,0.588
"2026/01/23 18:55:00",484,0,9.5,80,0.588
"2026/01/23 19:00:00",483,0,10.6,76,0.588
"2026/01/23 19:05:00",484,0,11,74,0.588
"2026/01/23 19:10:00",495,0,10.4,76,0.588
"2026/01/23 19:15:00",498,0,9.6,79,0.588
"2026/01/23 19:20:00",496,0,9.4,79,0.588
"2026/01/23 19:25:00",495,0,10.1,76,0.588
"2026/01/23 19:30:00",512,0,10.4,74,0.588
"2026/01/23 19:35:00",509,0,10.5,75,0.588
"2026/01/23 19:40:00",508,0,9.7,78,0.588
"2026/01/23 19:45:00",510,0,9.3,79,0.588
"2026/01/23 19:50:00",511,0,10.3,75,0.588
"2026/01/23 19:55:00",509,0,10,74,0.588
"2026/01/23 20:00:00",525,0,10.3,74,0.588
"2026/01/23 20:05:00",520,0,9.5,78,0.588
"2026/01/23 20:10:00",518,0,9.2,79,0.588
"2026/01/23 20:15:00",530,0,10.3,74,0.588
"2026/01/23 20:20:00",532,0,9.9,73,0.588
"2026/01/23 20:25:00",533,0,10.8,72,0.588
"2026/01/23 20:30:00",531,0,9.8,76,0.588
"2026/01/23 20:35:00",535,0,9.2,78,0.588
"2026/01/23 20:40:00",536,0,10.2,74,0.588
"2026/01/23 20:45:00",540,0,9.8,73,0.588
"2026/01/23 20:50:00",542,0,10.4,73,0.588
"2026/01/23 20:55:00",545,0,9.4,77,0.588
"2026/01/23 21:00:00",554,0,9.3,77,0.588
"2026/01/23 21:05:00",547,0,10.1,73,0.588
"2026/01/23 21:10:00",549,0,9.1,76,0.588
"2026/01/23 21:15:00",543,0,8.6,78,0.588
"2026/01/23 21:20:00",553,0,8.2,78,0.588
"2026/01/23 21:25:00",551,0,8.2,78,0.588
"2026/01/23 21:30:00",561,0,8,79,0.588
"2026/01/23 21:35:00",553,0,7.8,78,0.588
"2026/01/23 21:40:00",565,0,7.7,79,0.588
"2026/01/23 21:45:00",556,0,7.5,79,0.588
"2026/01/23 21:50:00",563,0,7.4,79,0.588
"2026/01/23 21:55:00",562,0,7.4,79,0.588
"2026/01/23 22:00:00",565,0,7.1,79,0.588
"2026/01/23 22:05:00",561,0,7.1,79,0.588
"2026/01/23 22:10:00",564,0,7.1,79,0.588
"2026/01/23 22:15:00",572,0,6.7,80,0.588
"2026/01/23 22:20:00",566,0,6.6,79,0.588
"2026/01/23 22:25:00",572,0,6.6,79,0.588
"2026/01/23 22:30:00",571,0,6.5,79,0.588
"2026/01/23 22:35:00",572,0,6.7,79,0.588
"2026/01/23 22:40:00",572,0,6.6,79,0.588
"2026/01/23 22:45:00",575,0,6.5,80,0.588
"2026/01/23 22:50:00",574,0,6.3,80,0.588
"2026/01/23 22:55:00",582,0,6.3,80,0.588
"2026/01/23 23:00:00",580,0,6.3,80,0.588
"2026/01/23 23:05:00",576,0,6.6,79,0.588
"2026/01/23 23:10:00",580,0,8.3,73,0.588
"2026/01/23 23:15:00",586,0,7.7,76,0.588
"2026/01/23 23:20:00",578,0,7,78,0.588
"2026/01/23 23:25:00",587,0,6.8,79,0.588
"2026/01/23 23:30:00",583,0,6.5,79,0.588
"2026/01/23 23:35:00",582,0,6.1,80,0.588
"2026/01/23 23:40:00",585,0,6.4,79,0.588
"2026/01/23 23:45:00",587,0,7.8,73,0.588
"2026/01/23 23:50:00",587,0,7.5,76,0.588
"2026/01/23 23:55:00",585,0,6.8,78,0.588
"2026/01/24 00:00:00",588,0,6.4,79,0.588
"2026/01/24 00:05:00",584,0,6.3,78,0
"2026/01/24 00:10:00",587,0,6.2,79,0
"2026/01/24 00:15:00",588,0,7.4,74,0
"2026/01/24 00:20:00",591,0,7.4,74,0
"2026/01/24 00:25:00",593,0,6.7,77,0
"2026/01/24 00:30:00",595,0,6.3,78,0
"2026/01/24 00:35:00",591,0,6.1,79,0
"2026/01/24 00:40:00",590,0,7.1,74,0
"2026/01/24 00:45:00",588,0,7.3,73,0
"2026/01/24 00:50:00",593,0,7,75,0
"2026/01/24 00:55:00",595,0,6.5,77,0
"2026/01/24 01:00:00",588,0,6.1,78,0
"2026/01/24 01:05:00",594,0,6.3,77,0
"2026/01/24 01:10:00",599,0,7.4,73,0
"2026/01/24 01:15:00",594,0,7.1,74,0
"2026/01/24 01:20:00",602,0,6.5,77,0
"2026/01/24 01:25:00",599,0,6.1,78,0
"2026/01/24 01:30:00",600,0,6.3,77,0
"2026/01/24 01:35:00",599,0,7,73,0
"2026/01/24 01:40:00",599,0,7.1,73,0
"2026/01/24 01:45:00",597,0,6.4,76,0
"2026/01/24 01:50:00",603,0,6,78,0
"2026/01/24 01:55:00",602,0,7,74,0
"2026/01/24 02:00:00",604,0,6.7,73,0
"2026/01/24 02:05:00",599,0,6.7,75,0
"2026/01/24 02:10:00",605,0,6.1,77,0
"2026/01/24 02:15:00",597,0,5.9,78,0
"2026/01/24 02:20:00",600,0,7,73,0
"2026/01/24 02:25:00",600,0,7,74,0
"2026/01/24 02:30:00",591,0,6.3,76,0
"2026/01/24 02:35:00",607,0,5.9,78,0
"2026/01/24 02:40:00",604,0,7.2,72,0
"2026/01/24 02:45:00",605,0,6.5,74,0
"2026/01/24 02:50:00",602,0,6.4,75,0
"2026/01/24 02:55:00",607,0,5.8,77,0
"2026/01/24 03:00:00",603,0,6.4,75,0
"2026/01/24 03:05:00",605,0,6.7,72,0
"2026/01/24 03:10:00",608,0,6.7,74,0
"2026/01/24 03:15:00",603,0,6,76,0
"2026/01/24 03:20:00",611,0,5.9,77,0
"2026/01/24 03:25:00",612,0,6.6,73,0
"2026/01/24 03:30:00",611,0,6.7,72,0
"2026/01/24 03:35:00",613,0,7.3,72,0
"2026/01/24 03:40:00",607,0,6.7,75,0
"2026/01/24 03:45:00",612,0,5.9,78,0
"2026/01/24 03:50:00",609,0,6.1,77,0
"2026/01/24 03:55:00",614,0,6.7,73,0
"2026/01/24 04:00:00",614,0,6.7,73,0
"2026/01/24 04:05:00",615,0,6.4,75,0
"2026/01/24 04:10:00",614,0,5.8,78,0
"2026/01/24 04:15:00",621,0,6.3,75,0
"2026/01/24 04:20:00",609,0,6.7,73,0
"2026/01/24 04:25:00",608,0,7,73,0
"2026/01/24 04:30:00",611,0,6,76,0
"2026/01/24 04:35:00",607,0,5.8,77,0
"2026/01/24 04:40:00",612,0,7,72,0
"2026/01/24 04:45:00",609,0,6.7,73,0
"2026/01/24 04:50:00",615,0,6.1,76,0
"2026/01/24 04:55:00",617,0,5.7,78,0
"2026/01/24 05:00:00",607,0,6.7,73,0
"2026/01/24 05:05:00",606,0,6.7,72,0
"2026/01/24 05:10:00",619,0,6.8,72,0
"2026/01/24 05:15:00",612,0,7.4,72,0
"2026/01/24 05:20:00",614,0,6.3,76,0
"2026/01/24 05:25:00",602,0,5.6,78,0
"2026/01/24 05:30:00",608,0,6.4,75,0
"2026/01/24 05:35:00",617,0,6,74,0
"2026/01/24 05:40:00",618,0,6.7,72,0
"2026/01/24 05:45:00",621,0,7.4,72,0
"2026/01/24 05:50:00",613,0,6.5,75,0
"2026/01/24 05:55:00",615,0,6.4,75,0
"2026/01/24 06:00:00",615,0,7,72,0
"2026/01/24 06:05:00",613,0,7.2,72,0
"2026/01/24 06:10:00",620,0,7.4,71,0
"2026/01/24 06:15:00",618,0,7.6,71,0
"2026/01/24 06:20:00",616,0,8.7,69,0
"2026/01/24 06:25:00",622,0,8.2,68,0
"2026/01/24 06:30:00",618,0,7.2,72,0
"2026/01/24 06:35:00",623,0,7,72,0
"2026/01/24 06:40:00",625,0,7.3,72,0
"2026/01/24 06:45:00",624,0,7.4,72,0
"2026/01/24 06:50:00",636,0,7.6,72,0
"2026/01/24 06:55:00",632,0,7.5,72,0
"2026/01/24 07:00:00",630,0,7.7,71,0
"2026/01/24 07:05:00",633,0,7.8,72,0
"2026/01/24 07:10:00",637,0,7.9,72,0
"2026/01/24 07:15:00",635,0,8,71,0
"2026/01/24 07:20:00",637,0,8.2,71,0
"2026/01/24 07:25:00",648,0,8.3,71,0.001
"2026/01/24 07:30:00",652,0,8.7,71,0.001
"2026/01/24 07:35:00",667,0,9.3,69,0.001
"2026/01/24 07:40:00",655,0,9.8,68,0.002
"2026/01/24 07:45:00",662,0,10.5,65,0.002
"2026/01/24 07:50:00",673,0,11.1,65,0.004
"2026/01/24 07:55:00",665,0,11.1,65,0.005
"2026/01/24 08:00:00",651,0.01,10.3,70,0.006
"2026/01/24 08:05:00",652,0.01,10,72,0.008
"2026/01/24 08:10:00",651,0.01,11.5,68,0.01
"2026/01/24 08:15:00",641,0.01,11.5,70,0.012
"2026/01/24 08:20:00",632,0.01,11.5,72,0.015
"2026/01/24 08:25:00",629,0.02,12.1,72,0.019
"2026/01/24 08:30:00",621,0.03,12.6,72,0.025
"2026/01/24 08:35:00",610,0.02,13.4,71,0.031
"2026/01/24 08:40:00",607,0.01,16.3,65,0.036
"2026/01/24 08:45:00",606,0.01,18.1,62,0.039
"2026/01/24 08:50:00",606,0.01,18.1,64,0.041
"2026/01/24 08:55:00",591,0.01,17.8,68,0.044
"2026/01/24 09:00:00",581,0.01,17.9,69,0.046
"2026/01/24 09:05:00",575,0.01,18.3,70,0.048
"2026/01/24 09:10:00",574,0.01,19.2,69,0.05
"2026/01/24 09:15:00",561,0.01,19.5,70,0.053
"2026/01/24 09:20:00",562,0.01,20.3,68,0.056
"2026/01/24 09:25:00",553,0.01,20.7,67,0.059
"2026/01/24 09:30:00",547,0.01,20.8,69,0.062
"2026/01/24 09:35:00",527,0.01,19.9,65,0.065
"2026/01/24 09:40:00",517,0.01,20.8,64,0.069
"2026/01/24 09:45:00",498,0.01,20.9,65,0.072
"2026/01/24 09:50:00",493,0.01,21.9,68,0.076
"2026/01/24 09:55:00",489,0.01,19.6,67,0.08
"2026/01/24 10:00:00",464,0.01,21.3,69,0.084
"2026/01/24 10:05:00",462,0.01,22.3,72,0.088
"2026/01/24 10:10:00",463,0.01,23,72,0.091
"2026/01/24 10:15:00",448,0.01,21.1,70,0.093
"2026/01/24 10:20:00",445,0.01,21.8,73,0.096
"2026/01/24 10:25:00",442,0.01,21.3,70,0.099
"2026/01/24 10:30:00",421,0.01,21.8,69,0.101
"2026/01/24 10:35:00",419,0.01,19.5,64,0.104
"2026/01/24 10:40:00",428,0.01,22.8,67,0.107
"2026/01/24 10:45:00",413,0.01,20.7,63,0.11
"2026/01/24 10:50:00",405,0.01,21.4,61,0.114
"2026/01/24 10:55:00",399,0.01,21.7,58,0.117
"2026/01/24 11:00:00",396,0.01,21.7,59,0.121
"2026/01/24 11:05:00",396,0.01,20.7,56,0.125
"2026/01/24 11:10:00",402,0.01,20,53,0.128
"2026/01/24 11:15:00",390,0.01,22.3,54,0.133
"2026/01/24 11:20:00",394,0.01,21.8,54,0.137
"2026/01/24 11:25:00",396,0.01,20.6,52,0.141
"2026/01/24 11:30:00",392,0.01,21.9,52,0.145
"2026/01/24 11:35:00",395,0.01,22.9,52,0.148
"2026/01/24 11:40:00",387,0.01,22.3,52,0.152
"2026/01/24 11:45:00",394,0.01,21.6,49,0.156
"2026/01/24 11:50:00",398,0.01,20.5,48,0.16
"2026/01/24 11:55:00",398,0.01,20.5,45,0.163
"2026/01/24 12:00:00",391,0.01,23.6,50,0.167
"2026/01/24 12:05:00",392,0.01,20.9,45,0.17
"2026/01/24 12:10:00",387,0.01,18.4,38,0.173
"2026/01/24 12:15:00",397,0.01,22.6,44,0.175
"2026/01/24 12:20:00",391,0.01,22.9,45,0.178
"2026/01/24 12:25:00",396,0.01,24,49,0.181
"2026/01/24 12:30:00",387,0.01,23,48,0.183
"2026/01/24 12:35:00",387,0.01,24.9,48,0.186
"2026/01/24 12:40:00",384,0.01,21.7,45,0.188
"2026/01/24 12:45:00",398,0.02,21.4,42,0.191
"2026/01/24 12:50:00",397,0.02,21.1,40,0.197
"2026/01/24 12:55:00",400,0.01,19.5,38,0.201
"2026/01/24 13:00:00",391,0.01,21.5,41,0.205
"2026/01/24 13:05:00",397,0.01,23.2,43,0.21
"2026/01/24 13:10:00",388,0.01,20.3,40,0.213
"2026/01/24 13:15:00",399,0.02,20.1,40,0.218
"2026/01/24 13:20:00",403,0.02,19.2,38,0.222
"2026/01/24 13:25:00",402,0.02,22,41,0.227
"2026/01/24 13:30:00",397,0.01,21.6,40,0.232
"2026/01/24 13:35:00",402,0.01,17.4,36,0.236
"2026/01/24 13:40:00",402,0.02,21.8,41,0.241
"2026/01/24 13:45:00",397,0.02,21.2,42,0.246
"2026/01/24 13:50:00",402,0.02,21.8,39,0.251
"2026/01/24 13:55:00",401,0.02,19.4,38,0.256
"2026/01/24 14:00:00",404,0.02,18.7,37,0.261
"2026/01/24 14:05:00",400,0.02,20.5,40,0.267
"2026/01/24 14:10:00",401,0.01,18.7,36,0.272
"2026/01/24 14:15:00",396,0.01,20.3,41,0.276
"2026/01/24 14:20:00",389,0.01,21.2,46,0.279
"2026/01/24 14:25:00",378,0.01,19.1,37,0.283
"2026/01/24 14:30:00",394,0.01,20,38,0.286
"2026/01/24 14:35:00",397,0.01,18.7,39,0.29
"2026/01/24 14:40:00",390,0.01,19,45,0.292
"2026/01/24 14:45:00",388,0.01,20.3,49,0.295
"2026/01/24 14:50:00",392,0.01,19.9,41,0.298
"2026/01/24 14:55:00",391,0.01,22,46,0.302
"2026/01/24 15:00:00",390,0.01,19.3,39,0.305
"2026/01/24 15:05:00",398,0.01,19.5,40,0.309
"2026/01/24 15:10:00",408,0.01,17.6,33,0.312
"2026/01/24 15:15:00",403,0.01,19.5,36,0.315
"2026/01/24 15:20:00",401,0.01,18.9,37,0.319
"2026/01/24 15:25:00",405,0.01,19.4,39,0.322
"2026/01/24 15:30:00",408,0.01,18.9,41,0.326
"2026/01/24 15:35:00",406,0.01,19.2,42,0.329
"2026/01/24 15:40:00",393,0.01,19.2,45,0.332
"2026/01/24 15:45:00",395,0.01,19.8,47,0.334
"2026/01/24 15:50:00",391,0.01,20.2,51,0.336
"2026/01/24 15:55:00",382,0.01,20.4,55,0.337
"2026/01/24 16:00:00",378,0,20.1,60,0.339
"2026/01/24 16:05:00",376,0,19.8,63,0.34
"2026/01/24 16:10:00",370,0,19.5,66,0.342
"2026/01/24 16:15:00",364,0,19.1,68,0.343
"2026/01/24 16:20:00",365,0,18.6,70,0.344
"2026/01/24 16:25:00",363,0,17.9,72,0.345
"2026/01/24 16:30:00",371,0,17.3,74,0.345
"2026/01/24 16:35:00",373,0,16.6,76,0.346
"2026/01/24 16:40:00",376,0,15.8,76,0.346
"2026/01/24 16:45:00",373,0,15,77,0.346
"2026/01/24 16:50:00",387,0,14.4,78,0.346
"2026/01/24 16:55:00",382,0,13.6,79,0.347
"2026/01/24 17:00:00",386,0,13,79,0.347
"2026/01/24 17:05:00",383,0,12.8,77,0.347
"2026/01/24 17:10:00",389,0,12.6,77,0.347
"2026/01/24 17:15:00",396,0,12.7,78,0.347
"2026/01/24 17:20:00",405,0,12.3,78,0.347
"2026/01/24 17:25:00",415,0,11.9,78,0.347
"2026/01/24 17:30:00",411,0,11.6,78,0.347
"2026/01/24 17:35:00",429,0,11.4,79,0.347
"2026/01/24 17:40:00",432,0,11.3,79,0.347
"2026/01/24 17:45:00",439,0,11.2,80,0.347
"2026/01/24 17:50:00",443,0,11.1,80,0.347
"2026/01/24 17:55:00",434,0,11.1,81,0.347
"2026/01/24 18:00:00",446,0,10.9,81,0.347
"2026/01/24 18:05:00",443,0,10.8,81,0.347
"2026/01/24 18:10:00",451,0,10.7,82,0.347
"2026/01/24 18:15:00",452,0,10.6,81,0.347
"2026/01/24 18:20:00",462,0,10.6,82,0.347
"2026/01/24 18:25:00",457,0,10.5,82,0.347
"2026/01/24 18:30:00",465,0,10.3,82,0.347
"2026/01/24 18:35:00",459,0,10.4,82,0.347
"2026/01/24 18:40:00",466,0,10.2,82,0.347
"2026/01/24 18:45:00",467,0,10,82,0.347
"2026/01/24 18:50:00",467,0,9.8,82,0.347
"2026/01/24 18:55:00",471,0,9.6,82,0.347
"2026/01/24 19:00:00",482,0,10,80,0.347
"2026/01/24 19:05:00",474,0,11.5,74,0.347
"2026/01/24 19:10:00",491,0,10.8,76,0.347
"2026/01/24 19:15:00",480,0,10,79,0.347
"2026/01/24 19:20:00",485,0,9.6,80,0.347
"2026/01/24 19:25:00",489,0,9.7,79,0.347
"2026/01/24 19:30:00",489,0,11.4,72,0.347
"2026/01/24 19:35:00",487,0,10.8,74,0.347
"2026/01/24 19:40:00",487,0,9.9,78,0.347
"2026/01/24 19:45:00",493,0,9.6,79,0.347
"2026/01/24 19:50:00",501,0,9.8,77,0.347
"2026/01/24 19:55:00",497,0,11.3,72,0.347
"2026/01/24 20:00:00",498,0,10.6,74,0.347
"2026/01/24 20:05:00",506,0,9.8,77,0.347
"2026/01/24 20:10:00",514,0,9.4,79,0.347
"2026/01/24 20:15:00",505,0,10.2,75,0.347
"2026/01/24 20:20:00",510,0,11,71,0.347
"2026/01/24 20:25:00",514,0,10.3,75,0.347
"2026/01/24 20:30:00",519,0,9.5,78,0.347
"2026/01/24 20:35:00",511,0,9.2,79,0.347
"2026/01/24 20:40:00",516,0,10.8,72,0.347
"2026/01/24 20:45:00",515,0,10.5,73,0.347
"2026/01/24 20:50:00",523,0,9.8,76,0.347
"2026/01/24 20:55:00",520,0,9.2,78,0.347
"2026/01/24 21:00:00",523,0,10.1,73,0.347
"2026/01/24 21:05:00",530,0,10.2,73,0.347
"2026/01/24 21:10:00",519,0,9.6,75,0.347
"2026/01/24 21:15:00",529,0,8.8,77,0.347
"2026/01/24 21:20:00",525,0,8.4,78,0.347
"2026/01/24 21:25:00",534,0,8.3,78,0.347
"2026/01/24 21:30:00",523,0,8.1,78,0.347
"2026/01/24 21:35:00",530,0,7.9,79,0.347
"2026/01/24 21:40:00",530,0,7.8,79,0.347
"2026/01/24 21:45:00",528,0,7.7,79,0.347
"2026/01/24 21:50:00",528,0,7.6,78,0.347
"2026/01/24 21:55:00",530,0,7.5,79,0.347
"2026/01/24 22:00:00",531,0,7.3,79,0.347
"2026/01/24 22:05:00",537,0,7.2,79,0.347
"2026/01/24 22:10:00",537,0,7.1,79,0.347
"2026/01/24 22:15:00",544,0,6.9,79,0.347
"2026/01/24 22:20:00",543,0,6.9,79,0.347
"2026/01/24 22:25:00",545,0,6.9,79,0.347
"2026/01/24 22:30:00",546,0,6.7,79,0.347
"2026/01/24 22:35:00",545,0,6.7,79,0.347
"2026/01/24 22:40:00",538,0,6.6,79,0.347
"2026/01/24 22:45:00",547,0,6.5,79,0.347
"2026/01/24 22:50:00",546,0,6.5,79,0.347
"2026/01/24 22:55:00",545,0,6.3,80,0.347
"2026/01/24 23:00:00",550,0,6.4,79,0.347
"2026/01/24 23:05:00",547,0,8,73,0.347
"2026/01/24 23:10:00",556,0,7.7,75,0.347
"2026/01/24 23:15:00",553,0,7.2,76,0.347
"2026/01/24 23:20:00",563,0,6.9,78,0.347
"2026/01/24 23:25:00",556,0,6.6,78,0.347
"2026/01/24 23:30:00",550,0,6.5,79,0.347
"2026/01/24 23:35:00",557,0,6.3,79,0.347
"2026/01/24 23:40:00",555,0,6.4,78,0.347
"2026/01/24 23:45:00",556,0,8,73,0.347
"2026/01/24 23:50:00",558,0,7.4,75,0.347
"2026/01/24 23:55:00",557,0,6.8,77,0.347
"2026/01/25 00:00:00",561,0,6.5,78,0.347
"2026/01/25 00:05:00",554,0,6.4,78,0
"2026/01/25 00:10:00",563,0,6.2,79,0
"2026/01/25 00:15:00",557,0,7.9,72,0
"2026/01/25 00:20:00",563,0,7.6,74,0
"2026/01/25 00:25:00",560,0,6.9,77,0
"2026/01/25 00:30:00",564,0,6.5,78,0
"2026/01/25 00:35:00",567,0,6.2,79,0
"2026/01/25 00:40:00",564,0,6.1,79,0
"2026/01/25 00:45:00",560,0,7.5,73,0
"2026/01/25 00:50:00",561,0,7.5,73,0
"2026/01/25 00:55:00",567,0,6.7,77,0
"2026/01/25 01:00:00",567,0,6.4,78,0
"2026/01/25 01:05:00",566,0,5.9,79,0
"2026/01/25 01:10:00",570,0,6.7,76,0
"2026/01/25 01:15:00",570,0,7.4,73,0
"2026/01/25 01:20:00",577,0,7.1,75,0
"2026/01/25 01:25:00",575,0,6.5,77,0
"2026/01/25 01:30:00",576,0,6.2,78,0
"2026/01/25 01:35:00",577,0,7,75,0
"2026/01/25 01:40:00",570,0,7.4,73,0
"2026/01/25 01:45:00",583,0,6.8,75,0
"2026/01/25 01:50:00",576,0,6.3,78,0
"2026/01/25 01:55:00",573,0,6,78,0
"2026/01/25 02:00:00",585,0,6.7,76,0
"2026/01/25 02:05:00",579,0,7.5,72,0
"2026/01/25 02:10:00",583,0,7.1,74,0
"2026/01/25 02:15:00",591,0,6.2,78,0
"2026/01/25 02:20:00",579,0,6.1,78,0
"2026/01/25 02:25:00",583,0,7.2,73,0
"2026/01/25 02:30:00",584,0,7.5,73,0
"2026/01/25 02:35:00",590,0,6.8,75,0
"2026/01/25 02:40:00",587,0,6.1,78,0
"2026/01/25 02:45:00",587,0,6,78,0
"2026/01/25 02:50:00",583,0,7.4,73,0
"2026/01/25 02:55:00",587,0,7.5,73,0
"2026/01/25 03:00:00",587,0,6.6,76,0
"2026/01/25 03:05:00",596,0,6.1,79,0
"2026/01/25 03:10:00",585,0,6,78,0
"2026/01/25 03:15:00",588,0,7.4,73,0
"2026/01/25 03:20:00",598,0,7.4,73,0
"2026/01/25 03:25:00",590,0,6.6,77,0
"2026/01/25 03:30:00",597,0,6.1,78,0
"2026/01/25 03:35:00",587,0,6.5,76,0
"2026/01/25 03:40:00",591,0,7.5,72,0
"2026/01/25 03:45:00",594,0,7,74,0
"2026/01/25 03:50:00",590,0,6.1,77,0
"2026/01/25 03:55:00",597,0,5.9,79,0
"2026/01/25 04:00:00",599,0,6.9,74,0
"2026/01/25 04:05:00",595,0,7.1,74,0
"2026/01/25 04:10:00",598,0,6.8,75,0
"2026/01/25 04:15:00",599,0,5.9,79,0
"2026/01/25 04:20:00",601,0,5.9,78,0
"2026/01/25 04:25:00",598,0,7.5,72,0
"2026/01/25 04:30:00",598,0,7.1,74,0
"2026/01/25 04:35:00",610,0,6.4,77,0
"2026/01/25 04:40:00",592,0,6,79,0
"2026/01/25 04:45:00",598,0,6.4,77,0
"2026/01/25 04:50:00",599,0,7.7,73,0
"2026/01/25 04:55:00",596,0,7.5,75,0
"2026/01/25 05:00:00",591,0,6.8,78,0
"2026/01/25 05:05:00",601,0,6.5,80,0
"2026/01/25 05:10:00",598,0,6.4,81,0
"2026/01/25 05:15:00",589,0,6.3,82,0
"2026/01/25 05:20:00",585,0,6.2,83,0
"2026/01/25 05:25:00",590,0,6.1,83,0
"2026/01/25 05:30:00",578,0,6.1,83,0
"2026/01/25 05:35:00",571,0,7.7,77,0
"2026/01/25 05:40:00",585,0,7.7,77,0
"2026/01/25 05:45:00",568,0,6.8,80,0
"2026/01/25 05:50:00",576,0,6.4,82,0
"2026/01/25 05:55:00",572,0,6.5,81,0
"2026/01/25 06:00:00",593,0,8.2,74,0
"2026/01/25 06:05:00",608,0,7.9,75,0
"2026/01/25 06:10:00",644,0,8.6,73,0
"2026/01/25 06:15:00",696,0,9.7,70,0
"2026/01/25 06:20:00",729,0,8.5,72,0
"2026/01/25 06:25:00",743,0,8,74,0
"2026/01/25 06:30:00",754,0,8,74,0
"2026/01/25 06:35:00",754,0,8.1,75,0
"2026/01/25 06:40:00",743,0,8.3,75,0
"2026/01/25 06:45:00",754,0,8.3,75,0
"2026/01/25 06:50:00",746,0,8.4,75,0
"2026/01/25 06:55:00",747,0,8.4,74,0
"2026/01/25 07:00:00",733,0,8.5,74,0
"2026/01/25 07:05:00",742,0,8.7,74,0
"2026/01/25 07:10:00",,,,,0
"2026/01/25 07:15:00",731,0,9,74,0
"2026/01/25 07:20:00",726,0,9.2,74,0.001
"2026/01/25 07:25:00",721,0,9.3,72,0.001
"2026/01/25 07:30:00",708,0,9.9,71,0.001
"2026/01/25 07:35:00",693,0,10.5,68,0.001
"2026/01/25 07:40:00",679,0,11.3,66,0.002
"2026/01/25 07:45:00",667,0,12,65,0.003
"2026/01/25 07:50:00",661,0,11.1,69,0.004
"2026/01/25 07:55:00",639,0,11,71,0.005
"2026/01/25 08:00:00",629,0.01,11,72,0.007
"2026/01/25 08:05:00",610,0.01,11.4,71,0.008
"2026/01/25 08:10:00",591,0.01,11.3,72,0.01
"2026/01/25 08:15:00",582,0.01,11.8,72,0.012
"2026/01/25 08:20:00",555,0,12.2,71,0.013
"2026/01/25 08:25:00",547,0.01,12.4,71,0.015
"2026/01/25 08:30:00",532,0.01,13,70,0.017
"2026/01/25 08:35:00",525,0.01,13.3,69,0.019
"2026/01/25 08:40:00",495,0.01,15.8,64,0.021
"2026/01/25 08:45:00",487,0.01,17.3,62,0.023
"2026/01/25 08:50:00",480,0.01,17.3,63,0.025
"2026/01/25 08:55:00",461,0.01,17.1,66,0.027
"2026/01/25 09:00:00",456,0.01,17.3,67,0.029
"2026/01/25 09:05:00",440,0.01,17.4,68,0.031
"2026/01/25 09:10:00",430,0.01,17.9,67,0.033
"2026/01/25 09:15:00",424,0.01,18.3,67,0.036
"2026/01/25 09:20:00",422,0.01,18.4,68,0.039
"2026/01/25 09:25:00",401,0.01,19.1,67,0.042
"2026/01/25 09:30:00",402,0.01,19.6,66,0.045
"2026/01/25 09:35:00",387,0.01,18.6,63,0.048
"2026/01/25 09:40:00",385,0.01,19.4,64,0.052
"2026/01/25 09:45:00",378,0.01,20.1,66,0.055
"2026/01/25 09:50:00",375,0.01,20.6,66,0.059
"2026/01/25 09:55:00",364,0.01,19.7,63,0.064
"2026/01/25 10:00:00",363,0.01,20.7,63,0.067
"2026/01/25 10:05:00",356,0.01,21.5,65,0.071
"2026/01/25 10:10:00",350,0.01,18.6,60,0.075
"2026/01/25 10:15:00",359,0.01,19.9,58,0.078
"2026/01/25 10:20:00",357,0.01,20.8,59,0.082
"2026/01/25 10:25:00",362,0.01,18.8,54,0.086
"2026/01/25 10:30:00",370,0.01,21.3,57,0.089
"2026/01/25 10:35:00",367,0.02,18.7,54,0.093
"2026/01/25 10:40:00",371,0.02,20.3,54,0.098
"2026/01/25 10:45:00",363,0.02,19.7,52,0.104
"2026/01/25 10:50:00",366,0.02,21,52,0.109
"2026/01/25 10:55:00",370,0.01,21.7,56,0.114
"2026/01/25 11:00:00",359,0.01,20.5,61,0.117
"2026/01/25 11:05:00",354,0.01,19.9,66,0.12
"2026/01/25 11:10:00",348,0.01,18.7,69,0.122
"2026/01/25 11:15:00",347,0.01,18.5,67,0.125
"2026/01/25 11:20:00",346,0.01,19.2,66,0.127
"2026/01/25 11:25:00",346,0.01,20.3,63,0.129
"2026/01/25 11:30:00",345,0.01,20.3,66,0.133
"2026/01/25 11:35:00",347,0.01,21.1,67,0.137
"2026/01/25 11:40:00",334,0.02,22.1,66,0.141
"2026/01/25 11:45:00",340,0.01,21.4,62,0.145
"2026/01/25 11:50:00",342,0.02,22.2,59,0.15
"2026/01/25 11:55:00",346,0.02,22.7,55,0.155
"2026/01/25 12:00:00",358,0.01,21.5,52,0.16
"2026/01/25 12:05:00",362,0.01,18.5,46,0.164
"2026/01/25 12:10:00",371,0.02,21.8,51,0.168
"2026/01/25 12:15:00",367,0.01,21.4,52,0.172
"2026/01/25 12:20:00",365,0.01,22.3,52,0.175
"2026/01/25 12:25:00",369,0.01,24,56,0.178
"2026/01/25 12:30:00",364,0.01,24.1,55,0.181
"2026/01/25 12:35:00",358,0.01,24,55,0.183
"2026/01/25 12:40:00",362,0.01,21.3,50,0.186
"2026/01/25 12:45:00",377,0.01,20.9,47,0.189
"2026/01/25 12:50:00",375,0.01,19,44,0.192
"2026/01/25 12:55:00",374,0.01,20,50,0.195
"2026/01/25 13:00:00",374,0.01,18.7,45,0.199
"2026/01/25 13:05:00",375,0.02,20.5,48,0.203
"2026/01/25 13:10:00",366,0.01,21.1,53,0.207
"2026/01/25 13:15:00",367,0.02,20.3,52,0.211
"2026/01/25 13:20:00",356,0.01,20.9,52,0.216
"2026/01/25 13:25:00",359,0.02,22.1,55,0.22
"2026/01/25 13:30:00",356,0.02,22.7,54,0.224
"2026/01/25 13:35:00",361,0.01,16.9,41,0.228
"2026/01/25 13:40:00",378,0.02,19.4,49,0.232
"2026/01/25 13:45:00",370,0.02,21.5,51,0.236
"2026/01/25 13:50:00",368,0.02,21.7,53,0.241
"2026/01/25 13:55:00",360,0.01,21.8,52,0.245
"2026/01/25 14:00:00",363,0.01,19.8,46,0.249
"2026/01/25 14:05:00",371,0.01,19,45,0.253
"2026/01/25 14:10:00",374,0.01,19.6,49,0.257
"2026/01/25 14:15:00",366,0.01,19.4,47,0.261
"2026/01/25 14:20:00",361,0.01,18.7,46,0.265
"2026/01/25 14:25:00",369,0.01,19.1,46,0.268
"2026/01/25 14:30:00",370,0.01,20.4,51,0.271
"2026/01/25 14:35:00",370,0.01,20,51,0.274
"2026/01/25 14:40:00",367,0.01,19.2,49,0.277
"2026/01/25 14:45:00",361,0.01,20,52,0.28
"2026/01/25 14:50:00",366,0.01,18.6,48,0.283
"2026/01/25 14:55:00",362,0.01,19.8,53,0.287
"2026/01/25 15:00:00",360,0.01,19.9,54,0.291
"2026/01/25 15:05:00",360,0.01,18.9,55,0.294
"2026/01/25 15:10:00",364,0.01,17.2,50,0.298
"2026/01/25 15:15:00",368,0.01,17.4,52,0.301
"2026/01/25 15:20:00",381,0.01,18.3,54,0.303
"2026/01/25 15:25:00",376,0.01,18.6,55,0.306
"2026/01/25 15:30:00",367,0.01,17.1,55,0.308
"2026/01/25 15:35:00",377,0,17,59,0.311
"2026/01/25 15:40:00",367,0.01,16.8,62,0.313
"2026/01/25 15:45:00",365,0,16.5,65,0.314
"2026/01/25 15:50:00",366,0,16.4,66,0.316
"2026/01/25 15:55:00",362,0,16.1,67,0.317
"2026/01/25 16:00:00",361,0,16,67,0.317
"2026/01/25 16:05:00",364,0,15.9,68,0.318
"2026/01/25 16:10:00",358,0,15.1,69,0.319
"2026/01/25 16:15:00",359,0,14.6,70,0.319
"2026/01/25 16:20:00",358,0,14.4,71,0.32
"2026/01/25 16:25:00",363,0,14,72,0.32
"2026/01/25 16:30:00",366,0,13.6,73,0.321
"2026/01/25 16:35:00",369,0,13.3,73,0.321
"2026/01/25 16:40:00",369,0,12.8,74,0.321
"2026/01/25 16:45:00",375,0,12.3,75,0.322
"2026/01/25 16:50:00",369,0,11.7,76,0.322
"2026/01/25 16:55:00",377,0,11.1,76,0.322
"2026/01/25 17:00:00",384,0,10.9,76,0.322
"2026/01/25 17:05:00",387,0,10.7,77,0.322
"2026/01/25 17:10:00",389,0,10.9,77,0.322
"2026/01/25 17:15:00",405,0,11.1,79,0.322
"2026/01/25 17:20:00",400,0,11,80,0.322
"2026/01/25 17:25:00",406,0,10.8,80,0.322
"2026/01/25 17:30:00",412,0,10.7,80,0.322
"2026/01/25 17:35:00",413,0,10.6,81,0.322
"2026/01/25 17:40:00",421,0,10.5,81,0.322
"2026/01/25 17:45:00",414,0,10.4,82,0.322
"2026/01/25 17:50:00",431,0,10.3,81,0.322
"2026/01/25 17:55:00",424,0,10.3,82,0.322
"2026/01/25 18:00:00",428,0,10.1,82,0.322
"2026/01/25 18:05:00",435,0,10,82,0.322
"2026/01/25 18:10:00",433,0,9.9,82,0.322
"2026/01/25 18:15:00",443,0,9.9,82,0.322
"2026/01/25 18:20:00",445,0,9.8,82,0.322
"2026/01/25 18:25:00",444,0,9.7,82,0.322
"2026/01/25 18:30:00",448,0,9.6,82,0.322
"2026/01/25 18:35:00",451,0,9.5,82,0.322
"2026/01/25 18:40:00",443,0,11.2,76,0.322
"2026/01/25 18:45:00",458,0,11.2,76,0.322
"2026/01/25 18:50:00",457,0,10.3,80,0.322
"2026/01/25 18:55:00",448,0,9.8,81,0.322
"2026/01/25 19:00:00",452,0,9.8,82,0.322
"2026/01/25 19:05:00",456,0,9.5,83,0.322
"2026/01/25 19:10:00",457,0,10.4,78,0.322
"2026/01/25 19:15:00",457,0,11.4,75,0.322
"2026/01/25 19:20:00",459,0,10.6,77,0.322
"2026/01/25 19:25:00",464,0,9.9,80,0.322
"2026/01/25 19:30:00",470,0,9.6,82,0.322
"2026/01/25 19:35:00",468,0,9.5,82,0.322
"2026/01/25 19:40:00",472,0,11.1,75,0.322
"2026/01/25 19:45:00",470,0,11,75,0.322
"2026/01/25 19:50:00",468,0,10,78,0.322
"2026/01/25 19:55:00",472,0,9.4,80,0.322
"2026/01/25 20:00:00",472,0,9.5,81,0.322
"2026/01/25 20:05:00",471,0,11,74,0.322
"2026/01/25 20:10:00",472,0,10.7,75,0.322
"2026/01/25 20:15:00",479,0,9.8,79,0.322
"2026/01/25 20:20:00",484,0,9.3,81,0.322
"2026/01/25 20:25:00",476,0,10.5,75,0.322
"2026/01/25 20:30:00",483,0,10.8,74,0.322
"2026/01/25 20:35:00",482,0,10.1,77,0.322
"2026/01/25 20:40:00",482,0,9.3,80,0.322
"2026/01/25 20:45:00",485,0,9.7,79,0.322
"2026/01/25 20:50:00",477,0,10.9,73,0.322
"2026/01/25 20:55:00",483,0,10.6,75,0.322
"2026/01/25 21:00:00",484,0,9.8,78,0.322
"2026/01/25 21:05:00",484,0,9.1,80,0.322
"2026/01/25 21:10:00",488,0,8.7,80,0.322
"2026/01/25 21:15:00",485,0,8.4,81,0.322
"2026/01/25 21:20:00",480,0,8.3,81,0.322
"2026/01/25 21:25:00",487,0,8.1,81,0.322
"2026/01/25 21:30:00",481,0,8.2,81,0.322
"2026/01/25 21:35:00",484,0,7.9,82,0.322
"2026/01/25 21:40:00",480,0,7.9,82,0.322
"2026/01/25 21:45:00",480,0,7.6,82,0.322
"2026/01/25 21:50:00",475,0,7.5,82,0.322
"2026/01/25 21:55:00",477,0,7.5,82,0.322
"2026/01/25 22:00:00",482,0,7.4,82,0.322
"2026/01/25 22:05:00",484,0,7.2,82,0.322
"2026/01/25 22:10:00",477,0,7.1,82,0.322
"2026/01/25 22:15:00",477,0,6.9,82,0.322
"2026/01/25 22:20:00",486,0,6.8,82,0.322
"2026/01/25 22:25:00",488,0,6.6,81,0.322
"2026/01/25 22:30:00",485,0,6.3,82,0.322
"2026/01/25 22:35:00",480,0,6.4,81,0.322
"2026/01/25 22:40:00",496,0,6.6,81,0.322
"2026/01/25 22:45:00",485,0,8.1,74,0.322
"2026/01/25 22:50:00",495,0,7.4,77,0.322
"2026/01/25 22:55:00",495,0,6.9,80,0.322
"2026/01/25 23:00:00",497,0,6.6,81,0.322
"2026/01/25 23:05:00",496,0,6.4,81,0.322
"2026/01/25 23:10:00",496,0,6.3,81,0.322
"2026/01/25 23:15:00",500,0,7.6,75,0.322
"2026/01/25 23:20:00",500,0,7.7,74,0.322
"2026/01/25 23:25:00",502,0,7,78,0.322
"2026/01/25 23:30:00",504,0,6.5,80,0.322
"2026/01/25 23:35:00",505,0,6.2,80,0.322
"2026/01/25 23:40:00",503,0,7.1,76,0.322
"2026/01/25 23:45:00",514,0,7.6,74,0.322
"2026/01/25 23:50:00",501,0,6.9,77,0.322
"2026/01/25 23:55:00",507,0,6.3,79,0.322
